roll,sem,course_code,type,floated,offered_for_minor,fac_empid,fac_masterid,comment1,comment2
,,,NAN,1,,,,,
,,,NAN,1,,,,,
,1,MA1101,CORE,1,0.0,,,,
,1,CS1101,CORE,1,0.0,,,,
,1,PH1101/PH1201,CORE,1,0.0,,,,
,1,CE1101/CE1201,CORE,1,0.0,,,,
,1,EE1101/EE1201,CORE,1,0.0,,,,
,1,HS1101,CORE,1,0.0,,,,
,2,MA1201,CORE,1,0.0,,,,
,2,CS1201,CORE,1,0.0,,,,
,2,CH1201/CH1101,CORE,1,0.0,,,,
,2,ME1201/ME1101,CORE,1,0.0,,,,
,2,ME1202/ME1102,CORE,1,0.0,,,,
,2,IK1101,IKS,1,0.0,,,,
,3,CB2101,CORE,1,0.0,,,,
,3,CB2102,CORE,1,0.0,,,,
,3,CB2103,CORE,1,0.0,,,,
,3,CB2104,CORE,1,0.0,,,,
,3,CB2105,CORE,1,0.0,,,,
,4,CB2201,CORE,1,0.0,,,,
,4,CB2202,CORE,1,0.0,,,,
,4,CB2203,CORE,1,0.0,,,,
,4,CB2204,CORE,1,0.0,,,,
,4,CB2205,CORE,1,0.0,,,,
,5,CB3101,CORE,1,0.0,,,,
,5,CB3102,CORE,1,0.0,,,,
,5,CB3103,CORE,1,0.0,,,,
,5,CB3104,CORE,1,0.0,,,,
,5,CB3105,CORE,1,0.0,,,,
,6,CB3201,CORE,1,0.0,,,,
,6,CB3202,CORE,1,0.0,,,,
,6,CB3203,CORE,1,0.0,,,,
,6,CB3204,CORE,1,0.0,,,,
,6,CB3205,CORE,1,0.0,,,,
,7,CB4198,SI,1,0.0,,,,
,7,CB4199,P1,1,0.0,,,,
,8,CB4299,P2,1,0.0,,,,
,,,NAN,1,,,,,
,,,NAN,1,,,,,
,,,NAN,1,,,,,
,,,NAN,1,,,,,
,,,NAN,1,,,,,
,,,NAN,1,,,,,
,,,NAN,1,,,,,
,,,NAN,1,,,,,
,,,NAN,1,,,,,
,,,NAN,1,,,,,
,,,NAN,1,,,,,
,,,NAN,1,,,,,
,,,NAN,1,,,,,
,,,NAN,1,,,,,
,,,NAN,1,,,,,
,,,NAN,1,,,,,
2401CE,1,MA1101,CORE,1,0.0,,,,
2401CE,1,CS1101,CORE,1,0.0,,,,
2401CE,1,PH1101/PH1201,CORE,1,0.0,,,,
2401CE,1,CE1101/CE1201,CORE,1,0.0,,,,
2401CE,1,EE1101/EE1201,CORE,1,0.0,,,,
2401CE,1,HS1101,CORE,1,0.0,,,,
2401CE,2,MA1201,CORE,1,0.0,,,,
2401CE,2,CS1201,CORE,1,0.0,,,,
2401CE,2,CH1201/CH1101,CORE,1,0.0,,,,
2401CE,2,ME1201/ME1101,CORE,1,0.0,,,,
2401CE,2,ME1202/ME1102,CORE,1,0.0,,,,
2401CE,2,IK1101,IKS,1,0.0,,,,
2401CE,3,CE2101,CORE,1,0.0,,,,
2401CE,3,CE2102,CORE,1,1.0,,,,
2401CE,3,CE2103,CORE,1,0.0,,,,
2401CE,3,CE2104,CORE,1,0.0,,,,
2401CE,4,CE2201,CORE,1,0.0,,,,
2401CE,4,CE2202,CORE,1,0.0,,,,
2401CE,4,CE2203,CORE,1,1.0,,,,
2401CE,4,CE2204,CORE,1,0.0,,,,
2401CE,4,CE2205,CORE,1,0.0,,,,
2401CE,5,CE3101,CORE,1,0.0,,,,
2401CE,5,CE3102,CORE,1,0.0,,,,
2401CE,5,CE3103,CORE,1,1.0,,,,
2401CE,5,CE3104,CORE,1,0.0,,,,
2401CE,6,CE3201,CORE,1,0.0,,,,
2401CE,6,CE3202,CORE,1,1.0,,,,
2401CE,6,CE3203,CORE,1,0.0,,,,
2401CE,6,CE3204,CORE,1,0.0,,,,
2401CE,6,CE3205,CORE,1,0.0,,,,
2401CE,6,CE3206,CORE,1,0.0,,,,
2401CE,7,CE4198,SI,1,0.0,,,,
2401CE,7,CE4199,P1,1,0.0,,,,
2401CE,8,CE4299,P2,1,0.0,,,,
,,,NAN,1,,,,,
,,,NAN,1,,,,,
,,,NAN,1,,,,,
,,,NAN,1,,,,,
,,,NAN,1,,,,,
,,,NAN,1,,,,,
,,,NAN,1,,,,,
,,,NAN,1,,,,,
,,,NAN,1,,,,,
,,,NAN,1,,,,,
,,,NAN,1,,,,,
,,,NAN,1,,,,,
,,,NAN,1,,,,,
,,,NAN,1,,,,,
,,,NAN,1,,,,,
,,,NAN,1,,,,,
,,,NAN,1,,,,,
2401CT,1,MA1101,CORE,1,0.0,,,,
2401CT,1,CS1101,CORE,1,0.0,,,,
2401CT,1,,CORE,1,0.0,,,,
2401CT,1,,CORE,1,0.0,,,,
2401CT,1,,CORE,1,0.0,,,,
2401CT,1,HS1101,CORE,1,0.0,,,,
2401CT,2,MA1201,CORE,1,0.0,,,,
2401CT,2,CS1201,CORE,1,0.0,,,,
2401CT,2,,CORE,1,0.0,,,,
2401CT,2,,CORE,1,0.0,,,,
2401CT,2,,CORE,1,0.0,,,,
2401CT,2,IK1101,IKS,1,0.0,,,,
2401CT,3,CH2101,CORE,1,0.0,,,,
2401CT,3,CH2102,CORE,1,0.0,,,,
2401CT,3,CH2103,CORE,1,0.0,,,,
2401CT,3,CH2104,CORE,1,0.0,,,,
2401CT,3,CH2105,CORE,1,0.0,,,,
2401CT,4,CH2201,CORE,1,0.0,,,,
2401CT,4,CH2202,CORE,1,1.0,,,,
2401CT,4,CH2203,CORE,1,0.0,,,,
2401CT,4,CH2204,CORE,1,0.0,,,,
2401CT,4,CH2205,CORE,1,0.0,,,,
2401CT,5,CH3101,CORE,1,1.0,,,,
2401CT,5,CH3102,CORE,1,0.0,,,,
2401CT,5,CH3103,CORE,1,0.0,,,,
2401CT,5,CH3104,CORE,1,1.0,,,,
2401CT,5,CH3105,CORE,1,0.0,,,,
2401CT,6,CH3201,CORE,1,0.0,,,,
2401CT,6,CH3202,CORE,1,0.0,,,,
2401CT,6,CH3203,CORE,1,1.0,,,,
2401CT,6,CH3204,CORE,1,0.0,,,,
2401CT,6,CH3205,CORE,1,0.0,,,,
2401CT,7,CH4198,SI,1,0.0,,,,
2401CT,7,CH4199,P1,1,0.0,,,,
2401CT,8,CH4299,P2,1,0.0,,,,
,,,NAN,1,,,,,
,,,NAN,1,,,,,
,,,NAN,1,,,,,
,,,NAN,1,,,,,
,,,NAN,1,,,,,
,,,NAN,1,,,,,
,,,NAN,1,,,,,
,,,NAN,1,,,,,
,,,NAN,1,,,,,
,,,NAN,1,,,,,
,,,NAN,1,,,,,
,,,NAN,1,,,,,
,,,NAN,1,,,,,
,,,NAN,1,,,,,
,,,NAN,1,,,,,
2401AI,1,MA1101,CORE,1,0.0,,,,
2401AI,1,CS1101,CORE,1,0.0,,,,
2401AI,1,PH1101/PH1201,CORE,1,0.0,,,,
2401AI,1,CE1101/CE1201,CORE,1,0.0,,,,
2401AI,1,EE1101/EE1201,CORE,1,0.0,,,,
2401AI,2,MA1201,CORE,1,0.0,,,,
2401AI,2,CS1201,CORE,1,0.0,,,,
2401AI,2,CH1201/CH1101,CORE,1,0.0,,,,
2401AI,2,ME1201/ME1101,CORE,1,0.0,,,,
2401AI,2,ME1202/ME1102,CORE,1,0.0,,,,
2401AI,2,IK1101,IKS,1,0.0,,,,
2401AI,3,CS2101,CORE,1,0.0,,,,
2401AI,3,CS2102,CORE,1,0.0,,,,
2401AI,2,CS2103,CORE,1,1.0,,,,
2401AI,3,CS2104,CORE,1,0.0,,,,
2401AI,3,CS2105,CORE,1,0.0,,,,
2401AI,4,CS2201,CORE,1,0.0,,,,
2401AI,4,CS2202,CORE,1,1.0,,,,
2401AI,4,CS2203,CORE,1,0.0,,,,
2401AI,4,CS2204,CORE,1,0.0,,,,
2401AI,4,CS2206,CORE,1,0.0,,,,
2401AI,5,CS3101,CORE,1,0.0,,,,
2401AI,5,CS3102,CORE,1,0.0,,,,
2401AI,5,CS3103,CORE,1,1.0,,,,
2401AI,5,CS3105,CORE,1,0.0,,,,
2401AI,6,CS3201,CORE,1,0.0,,,,
2401AI,6,CS3202,CORE,1,0.0,,,,
2401AI,6,CS3204,CORE,1,0.0,,,,
2401AI,6,CS3299,CORE,1,0.0,,,,
2401AI,7,CS4198,SI/SP,1,0.0,,,,
2401AI,7,CS4199,P1,1,0.0,,,,
,,,NAN,1,,,,,
,,,NAN,1,,,,,
,,,NAN,1,,,,,
,,,NAN,1,,,,,
,,,NAN,1,,,,,
,,,NAN,1,,,,,
,,,NAN,1,,,,,
,,,NAN,1,,,,,
,,,NAN,1,,,,,
,,,NAN,1,,,,,
,,,NAN,1,,,,,
,,,NAN,1,,,,,
,,,NAN,1,,,,,
,,,NAN,1,,,,,
,,,NAN,1,,,,,
,,,NAN,1,,,,,
,,,NAN,1,,,,,
,,,NAN,1,,,,,
,,,NAN,1,,,,,
,,,NAN,1,,,,,
2401CS,1,MA1101,CORE,1,0.0,,,,
2401CS,1,CS1101,CORE,1,0.0,,,,
2401CS,1,PH1101/PH1201,CORE,1,0.0,,,,
2401CS,1,CE1101/CE1201,CORE,1,0.0,,,,
2401CS,1,EE1101/EE1201,CORE,1,0.0,,,,
2401CS,2,MA1201,CORE,1,0.0,,,,
2401CS,2,CS1201,CORE,1,0.0,,,,
2401CS,2,CH1201/CH1101,CORE,1,0.0,,,,
2401CS,2,ME1201/ME1101,CORE,1,0.0,,,,
2401CS,2,ME1202/ME1102,CORE,1,0.0,,,,
2401CS,2,IK1101,IKS,1,0.0,,,,
2401CS,3,CS2101,CORE,1,1.0,,,,
2401CS,3,CS2102,CORE,1,0.0,,,,
2401CS,3,CS2103,CORE,1,0.0,,,,
2401CS,3,CS2104,CORE,1,0.0,,,,
2401CS,3,CS2105,CORE,1,0.0,,,,
2401CS,4,CS2201,CORE,1,0.0,,,,
2401CS,4,CS2202,CORE,1,1.0,,,,
2401CS,4,CS2203,CORE,1,0.0,,,,
2401CS,4,CS2204,CORE,1,0.0,,,,
2401CS,4,CS2205,CORE,1,0.0,,,,
2401CS,5,CS3101,CORE,1,1.0,,,,
2401CS,5,CS3102,CORE,1,0.0,,,,
2401CS,5,CS3103,CORE,1,0.0,,,,
2401CS,5,CS3104,CORE,1,0.0,,,,
2401CS,6,CS3201,CORE,1,1.0,,,,
2401CS,6,CS3202,CORE,1,0.0,,,,
2401CS,6,CS3203,CORE,1,0.0,,,,
2401CS,6,CS3299,CORE,1,0.0,,,,
2401CS,7,CS4198,SI,1,0.0,,,,
2401CS,7,CS4199,P1,1,0.0,,,,
2401CS,8,CS4299,P2,1,0.0,,,,
,,,NAN,1,,,,,
,,,NAN,1,,,,,
,,,NAN,1,,,,,
,,,NAN,1,,,,,
,,,NAN,1,,,,,
,,,NAN,1,,,,,
,,,NAN,1,,,,,
,,,NAN,1,,,,,
,,,NAN,1,,,,,
,,,NAN,1,,,,,
,,,NAN,1,,,,,
,,,NAN,1,,,,,
,,,NAN,1,,,,,
,,,NAN,1,,,,,
,,,NAN,1,,,,,
,,,NAN,1,,,,,
,,,NAN,1,,,,,
,,,NAN,1,,,,,
2401EC,1,MA1101,CORE,1,0.0,,,,
2401EC,1,CS1101,CORE,1,0.0,,,,
2401EC,1,PH1101/PH1201,CORE,1,0.0,,,,
2401EC,1,CE1101/CE1201,CORE,1,0.0,,,,
2401EC,1,EE1101/EE1201,CORE,1,0.0,,,,
2401EC,2,MA1201,CORE,1,0.0,,,,
2401EC,2,CS1201,CORE,1,0.0,,,,
2401EC,2,CH1201/CH1101,CORE,1,0.0,,,,
2401EC,2,ME1201/ME1101,CORE,1,0.0,,,,
2401EC,2,ME1202/ME1102,CORE,1,0.0,,,,
2401EC,2,IK1101,IKS,1,0.0,,,,
2401EC,3,EE2101,CORE,1,0.0,,,,
2401EC,3,EE2102,CORE,1,0.0,,,,
2401EC,3,EC2101,CORE,1,0.0,,,,
2401EC,3,EC2102,CORE,1,1.0,,,,
2401EC,3,EC2103,CORE,1,0.0,,,,
2401EC,4,EC2201,CORE,1,1.0,,,,
2401EC,4,EC2202,CORE,1,0.0,,,,
2401EC,4,EE2201,CORE,1,0.0,,,,
2401EC,4,EC2203,CORE,1,0.0,,,,
2401EC,4,EC2204,CORE,1,0.0,,,,
2401EC,5,EC3101,CORE,1,0.0,,,,
2401EC,5,EE3102,CORE,1,0.0,,,,
2401EC,5,EC3103,CORE,1,1.0,,,,
2401EC,5,EC3104,CORE,1,0.0,,,,
2401EC,5,EC3105,CORE,1,0.0,,,,
2401EC,6,EC3201,CORE,1,0.0,,,,
2401EC,6,EC3202,CORE,1,0.0,,,,
2401EC,6,EC3203,CORE,1,0.0,,,,
2401EC,6,EC3204,CORE,1,0.0,,,,
2401EC,6,EC3205,CORE,1,0.0,,,,
2401EC,6,EC3206,CORE,1,0.0,,,,
2401EC,7,EC4198,SI,1,0.0,,,,
2401EC,7,EC4199,P1,1,0.0,,,,
2401EC,8,EC4299,P2,1,0.0,,,,
,,,NAN,1,,,,,
,,,NAN,1,,,,,
,,,NAN,1,,,,,
,,,NAN,1,,,,,
,,,NAN,1,,,,,
,,,NAN,1,,,,,
,,,NAN,1,,,,,
,,,NAN,1,,,,,
,,,NAN,1,,,,,
,,,NAN,1,,,,,
,,,NAN,1,,,,,
,,,NAN,1,,,,,
,,,NAN,1,,,,,
,,,NAN,1,,,,,
,,,NAN,1,,,,,
2401EE,1,MA1101,CORE,1,0.0,,,,
2401EE,1,CS1101,CORE,1,0.0,,,,
2401EE,1,PH1101/PH1201,CORE,1,0.0,,,,
2401EE,1,CE1101/CE1201,CORE,1,0.0,,,,
2401EE,1,EE1101/EE1201,CORE,1,0.0,,,,
2401EE,2,MA1201,CORE,1,0.0,,,,
2401EE,2,CS1201,CORE,1,0.0,,,,
2401EE,2,CH1201/CH1101,CORE,1,0.0,,,,
2401EE,2,ME1201/ME1101,CORE,1,0.0,,,,
2401EE,2,ME1202/ME1102,CORE,1,0.0,,,,
2401EE,2,IK1101,IKS,1,0.0,,,,
2401EE,3,EE2101,CORE,1,0.0,,,,
2401EE,3,EE2102,CORE,1,0.0,,,,
2401EE,3,EC2101,CORE,1,0.0,,,,
2401EE,3,EC2102,CORE,1,0.0,,,,
2401EE,3,EE2103,CORE,1,0.0,,,,
2401EE,4,EC2201,CORE,1,0.0,,,,
2401EE,4,EC2202,CORE,1,0.0,,,,
2401EE,4,EE2201,CORE,1,0.0,,,,
2401EE,4,EE2202,CORE,1,0.0,,,,
2401EE,4,EC2204,CORE,1,0.0,,,,
2401EE,5,EC3101,CORE,1,0.0,,,,
2401EE,5,EE3101,CORE,1,0.0,,,,
2401EE,5,EE3102,CORE,1,0.0,,,,
2401EE,5,EC3104,CORE,1,0.0,,,,
2401EE,5,EC3105,CORE,1,0.0,,,,
2401EE,6,EE3201,CORE,1,0.0,,,,
2401EE,6,EC3202,CORE,1,0.0,,,,
2401EE,6,EC3203,CORE,1,0.0,,,,
2401EE,6,EE3202,CORE,1,0.0,,,,
2401EE,6,EE3203,CORE,1,0.0,,,,
2401EE,6,EE3204,CORE,1,0.0,,,,
2401EE,7,EE4198,SI,1,0.0,,,,
2401EE,7,EE4199,P1,1,0.0,,,,
2401EE,8,EE4299,P2,1,0.0,,,,
,,,NAN,1,,,,,
,,,NAN,1,,,,,
,,,NAN,1,,,,,
,,,NAN,1,,,,,
,,,NAN,1,,,,,
,,,NAN,1,,,,,
,,,NAN,1,,,,,
,,,NAN,1,,,,,
,,,NAN,1,,,,,
,,,NAN,1,,,,,
,,,NAN,1,,,,,
,,,NAN,1,,,,,
,,,NAN,1,,,,,
,,,NAN,1,,,,,
,,,NAN,1,,,,,
2401MC,1,MA1101,CORE,1,0.0,,,,
2401MC,1,CS1101,CORE,1,0.0,,,,
2401MC,1,PH1101/PH1201,CORE,1,0.0,,,,
2401MC,1,CE1101/CE1201,CORE,1,0.0,,,,
2401MC,1,EE1101/EE1201,CORE,1,0.0,,,,
2401MC,1,HS1101,CORE,1,0.0,,,,
2401MC,2,MA1201,CORE,1,0.0,,,,
2401MC,2,CS1201,CORE,1,0.0,,,,
2401MC,2,CH1201/CH1101,CORE,1,0.0,,,,
2401MC,2,ME1201/ME1101,CORE,1,0.0,,,,
2401MC,2,ME1202/ME1102,CORE,1,0.0,,,,
2401MC,2,IK1101,IKS,1,0.0,,,,
2401MC,3,MA2101,CORE,1,0.0,,,,
2401MC,3,MA2102,CORE,1,0.0,,,,
2401MC,3,MA2103,CORE,1,0.0,,,,
2401MC,3,MA2104,CORE,1,0.0,,,,
2401MC,3,MA2105,CORE,1,0.0,,,,
2401MC,4,MA2201,CORE,1,0.0,,,,
2401MC,4,MA2202,CORE,1,0.0,,,,
2401MC,4,MA2203,CORE,1,0.0,,,,
2401MC,4,MA2204,CORE,1,0.0,,,,
2401MC,4,MA2205,CORE,1,0.0,,,,
2401MC,5,MA3101,CORE,1,0.0,,,,
2401MC,5,MA3102,CORE,1,0.0,,,,
2401MC,5,MA3103,CORE,1,0.0,,,,
2401MC,5,MA3104,CORE,1,0.0,,,,
2401MC,5,MA3105,CORE,1,0.0,,,,
2401MC,6,MA3201,CORE,1,0.0,,,,
2401MC,6,MA3202,CORE,1,0.0,,,,
2401MC,6,MA3203,CORE,1,0.0,,,,
2401MC,6,MA3204,CORE,1,0.0,,,,
2401MC,6,MA3205,CORE,1,0.0,,,,
2401MC,6,MA3206,CORE,1,0.0,,,,
2401MC,7,MA4198,SI,1,0.0,,,,
2401MC,7,MA4199,P1,1,0.0,,,,
2401MC,8,MA4299,P2,1,0.0,,,,
,,,NAN,1,,,,,
,,,NAN,1,,,,,
,,,NAN,1,,,,,
,,,NAN,1,,,,,
,,,NAN,1,,,,,
,,,NAN,1,,,,,
,,,NAN,1,,,,,
,,,NAN,1,,,,,
,,,NAN,1,,,,,
,,,NAN,1,,,,,
,,,NAN,1,,,,,
,,,NAN,1,,,,,
,,,NAN,1,,,,,
,,,NAN,1,,,,,
,,,NAN,1,,,,,
2401ME,1,MA1101,CORE,1,0.0,,,,
2401ME,1,CS1101,CORE,1,0.0,,,,
2401ME,1,PH1101/PH1201,CORE,1,0.0,,,,
2401ME,1,CE1101/CE1201,CORE,1,0.0,,,,
2401ME,1,EE1101/EE1201,CORE,1,0.0,,,,
2401ME,1,HS1101,CORE,1,0.0,,,,
2401ME,2,MA1201,CORE,1,0.0,,,,
2401ME,2,CS1201,CORE,1,0.0,,,,
2401ME,2,CH1201/CH1101,CORE,1,0.0,,,,
2401ME,2,ME1201/ME1101,CORE,1,0.0,,,,
2401ME,2,ME1202/ME1102,CORE,1,0.0,,,,
2401ME,2,IK1101,IKS,1,0.0,,,,
2401ME,3,ME2101,CORE,1,0.0,,,,
2401ME,3,ME2102,CORE,1,0.0,,,,
2401ME,3,ME2103,3-1-0,1,0.0,,,,
2401ME,3,ME2104,3-1-0,1,0.0,,,,
2401ME,3,ME2102,CORE,1,1.0,,,,
2401ME,4,ME2201,CORE,1,0.0,,,,
2401ME,4,ME2202,CORE,1,0.0,,,,
2401ME,4,ME2203,CORE,1,0.0,,,,
2401ME,4,ME2204,CORE,1,0.0,,,,
2401ME,4,ME2202,CORE,1,1.0,,,,
2401ME,5,ME3101,CORE,1,0.0,,,,
2401ME,5,ME3102,CORE,1,0.0,,,,
2401ME,5,ME3103,CORE,1,0.0,,,,
2401ME,5,ME3104,CORE,1,0.0,,,,
2401ME,5,ME3105,CORE,1,0.0,,,,
2401ME,5,ME3104,CORE,1,1.0,,,,
2401ME,6,ME3201,CORE,1,0.0,,,,
2401ME,6,ME3202,CORE,1,0.0,,,,
2401ME,6,ME3203,CORE,1,0.0,,,,
2401ME,6,ME3204,CORE,1,0.0,,,,
2401ME,6,ME3205,CORE,1,0.0,,,,
2401ME,6,ME3201,CORE,1,1.0,,,,
2401ME,7,ME4198,SI,1,0.0,,,,
2401ME,7,ME4199,P1,1,0.0,,,,
2401ME,8,ME4299,P2,1,0.0,,,,
,,,NAN,1,,,,,
,,,NAN,1,,,,,
,,,NAN,1,,,,,
,,,NAN,1,,,,,
,,,NAN,1,,,,,
,,,NAN,1,,,,,
,,,NAN,1,,,,,
,,,NAN,1,,,,,
,,,NAN,1,,,,,
,,,NAN,1,,,,,
,,,NAN,1,,,,,
,,,NAN,1,,,,,
,,,NAN,1,,,,,
,,,NAN,1,,,,,
2401MM,1,MA1101,CORE,1,0.0,,,,
2401MM,1,CS1101,CORE,1,0.0,,,,
2401MM,1,PH1101/PH1201,CORE,1,0.0,,,,
2401MM,1,CE1101/CE1201,CORE,1,0.0,,,,
2401MM,1,EE1101/EE1201,CORE,1,0.0,,,,
2401MM,2,MA1201,CORE,1,0.0,,,,
2401MM,2,CS1201,CORE,1,0.0,,,,
2401MM,2,CH1201/CH1101,CORE,1,0.0,,,,
2401MM,2,ME1201/ME1101,CORE,1,0.0,,,,
2401MM,2,ME1202/ME1102,CORE,1,0.0,,,,
2401MM,2,IK1101,IKS,1,0.0,,,,
2401MM,3,MM2101,CORE,1,1.0,,,,
2401MM,3,MM2102,CORE,1,0.0,,,,
2401MM,3,MM2103,CORE,1,0.0,,,,
2401MM,3,MM2104,CORE,1,0.0,,,,
2401MM,3,MM2105,CORE,1,0.0,,,,
2401MM,4,MM2201,CORE,1,0.0,,,,
2401MM,4,MM2202,CORE,1,1.0,,,,
2401MM,4,MM2203,CORE,1,0.0,,,,
2401MM,4,MM2204,CORE,1,0.0,,,,
2401MM,4,MM2205,CORE,1,0.0,,,,
2401MM,5,MM3101,CORE,1,0.0,,,,
2401MM,5,MM3102,CORE,1,0.0,,,,
2401MM,5,MM3103,CORE,1,1.0,,,,
2401MM,5,MM3104,CORE,1,0.0,,,,
2401MM,5,MM3105,CORE,1,0.0,,,,
2401MM,6,MM3201,CORE,1,0.0,,,,
2401MM,6,MM3202,CORE,1,0.0,,,,
2401MM,6,MM3203,CORE,1,1.0,,,,
2401MM,6,MM3204,CORE,1,0.0,,,,
2401MM,6,MM3205,CORE,1,0.0,,,,
2401MM,6,MM3210,CORE,1,0.0,,,,
2401MM,7,MM4198,SI,1,0.0,,,,
2401MM,7,MM4199,P1,1,0.0,,,,
2401MM,8,MM4299,P2,1,0.0,,,,
,,,NAN,1,,,,,
,,,NAN,1,,,,,
,,,NAN,1,,,,,
,,,NAN,1,,,,,
,,,NAN,1,,,,,
,,,NAN,1,,,,,
,,,NAN,1,,,,,
,,,NAN,1,,,,,
,,,NAN,1,,,,,
,,,NAN,1,,,,,
,,,NAN,1,,,,,
,,,NAN,1,,,,,
,,,NAN,1,,,,,
,,,NAN,1,,,,,
,1,MA1101,CORE,1,0.0,,,,
,1,CS1101,CORE,1,0.0,,,,
,1,PH1101/PH1201,CORE,1,0.0,,,,
,1,CE1101/CE1201,CORE,1,0.0,,,,
,1,EE1101/EE1201,CORE,1,0.0,,,,
,1,HS1101,CORE,1,0.0,,,,
,2,MA1201,CORE,1,0.0,,,,
,2,CS1201,CORE,1,0.0,,,,
,2,CH1201/CH1101,CORE,1,0.0,,,,
,2,ME1201/ME1101,CORE,1,0.0,,,,
,2,ME1202/ME1102,CORE,1,0.0,,,,
,2,IK1101,IKS,1,0.0,,,,
,3,EP2101,CORE,1,0.0,,,,
,3,EP2102,CORE,1,0.0,,,,
,3,EP2103,CORE,1,0.0,,,,
,3,EP2104,CORE,1,0.0,,,,
,4,EP2201,CORE,1,0.0,,,,
,4,EP2202,CORE,1,0.0,,,,
,4,EP2203,CORE,1,0.0,,,,
,4,EP2204,CORE,1,0.0,,,,
,4,EP2205,CORE,1,0.0,,,,
,4,EP22PQ,ID1,1,0.0,,,,
,5,EP3101,CORE,1,0.0,,,,
,5,EP3102,CORE,1,0.0,,,,
,5,EP3103,CORE,1,0.0,,,,
,5,EP3104,CORE,1,0.0,,,,
,5,EP3105,CORE,1,0.0,,,,
,5,EP31XX,ID2,1,0.0,,,,
,6,EP3201,CORE,1,0.0,,,,
,6,EP3202,CORE,1,0.0,,,,
,6,EP3203,CORE,1,0.0,,,,
,6,EP3204,CORE,1,0.0,,,,
,7,EP4105,CORE,1,0.0,,,,
,7,PHXXXX,ID3,1,0.0,,,,
,7,PH4198,SI,1,0.0,,,,
,7,PH4199,P1,1,0.0,,,,
,8,PH4299,P2,1,0.0,,,,
,,,NAN,1,,,,,
,,,NAN,1,,,,,
,,,NAN,1,,,,,
,,,NAN,1,,,,,
,,,NAN,1,,,,,
,,,NAN,1,,,,,
,,,NAN,1,,,,,
,,,NAN,1,,,,,
,,,NAN,1,,,,,
,,,NAN,1,,,,,
,,,NAN,1,,,,,
,,,NAN,1,,,,,
,,,NAN,1,,,,,
,,,NAN,1,,,,,
,,,NAN,1,,,,,
,,,NAN,1,,,,,
2411CB,1,HS5111,C,1,0.0,,,,
2411CB,1,CB5101,C,1,0.0,,,,
2411CB,1,CB5102,C,1,0.0,,,,
2411CB,1,CB5103,C,1,0.0,,,,
2411CB,2,CB5201,C,1,0.0,,,,
2411CB,2,CB5202,C,1,0.0,,,,
2411CB,2,CB5203,C,1,0.0,,,,
2411CB,2,RM6201,RM,1,0.0,,,,
2411CB,2,IK6201,IKS,1,0.0,,,,
2411CB,3,CB6198,SI,1,0.0,,,,
2411CB,3,CB6199,P1,1,0.0,,,,
2411CB,4,CB6299,P2,1,0.0,,,,
,,,NAN,1,,,,,
,,,NAN,1,,,,,
,,,NAN,1,,,,,
,,,NAN,1,,,,,
,,,NAN,1,,,,,
,,,NAN,1,,,,,
,,,NAN,1,,,,,
,,,NAN,1,,,,,
,,,NAN,1,,,,,
,,,NAN,1,,,,,
,,,NAN,1,,,,,
,,,NAN,1,,,,,
,,,NAN,1,,,,,
,,,NAN,1,,,,,
,,,NAN,1,,,,,
,,,NAN,1,,,,,
,,,NAN,1,,,,,
,,,NAN,1,,,,,
,,,NAN,1,,,,,
,,,NAN,1,,,,,
,,,NAN,1,,,,,
,,,NAN,1,,,,,
,,,NAN,1,,,,,
,,,NAN,1,,,,,
,,,NAN,1,,,,,
,,,NAN,1,,,,,
,,,NAN,1,,,,,
,,,NAN,1,,,,,
,,,NAN,1,,,,,
,,,NAN,1,,,,,
,,,NAN,1,,,,,
,,,NAN,1,,,,,
,,,NAN,1,,,,,
,,,NAN,1,,,,,
,,,NAN,1,,,,,
,,,NAN,1,,,,,
,,,NAN,1,,,,,
,,,NAN,1,,,,,
,,,NAN,1,,,,,
,,,NAN,1,,,,,
,,,NAN,1,,,,,
,,,NAN,1,,,,,
,,,NAN,1,,,,,
,,,NAN,1,,,,,
2411CE,1,CE5101,C,1,0.0,,,,
2411CE,1,CE5102,C,1,0.0,,,,
2411CE,1,CE5103,C,1,0.0,,,,
2411CE,2,CE5201,C,1,0.0,,,,
2411CE,2,CE5202,C,1,0.0,,,,
2411CE,2,CE5203,C,1,0.0,,,,
2411CE,2,RM6201,RM,1,0.0,,,,
2411CE,2,IK6201,IKS,1,0.0,,,,
2411CE,3,CE6198,SI,1,0.0,,,,
2411CE,3,CE6199,P1,1,0.0,,,,
2411CE,4,CE6299,P2,1,0.0,,,,
,,,NAN,1,,,,,
,,,NAN,1,,,,,
,,,NAN,1,,,,,
,,,NAN,1,,,,,
,,,NAN,1,,,,,
,,,NAN,1,,,,,
,,,NAN,1,,,,,
,,,NAN,1,,,,,
,,,NAN,1,,,,,
,,,NAN,1,,,,,
,,,NAN,1,,,,,
,,,NAN,1,,,,,
,,,NAN,1,,,,,
,,,NAN,1,,,,,
,,,NAN,1,,,,,
,,,NAN,1,,,,,
,,,NAN,1,,,,,
,,,NAN,1,,,,,
,,,NAN,1,,,,,
,,,NAN,1,,,,,
,,,NAN,1,,,,,
,,,NAN,1,,,,,
,,,NAN,1,,,,,
,,,NAN,1,,,,,
,,,NAN,1,,,,,
,,,NAN,1,,,,,
,,,NAN,1,,,,,
,,,NAN,1,,,,,
,,,NAN,1,,,,,
,,,NAN,1,,,,,
,,,NAN,1,,,,,
,,,NAN,1,,,,,
,,,NAN,1,,,,,
,,,NAN,1,,,,,
,,,NAN,1,,,,,
,,,NAN,1,,,,,
,,,NAN,1,,,,,
,,,NAN,1,,,,,
,,,NAN,1,,,,,
,,,NAN,1,,,,,
,,,NAN,1,,,,,
,,,NAN,1,,,,,
,,,NAN,1,,,,,
,,,NAN,1,,,,,
2411CE,1,HS5111,C,1,0.0,,,,
2411CE,1,CE5104,C,1,0.0,,,,
2411CE,1,CE5105,C,1,0.0,,,,
2411CE,1,CE5106,C,1,0.0,,,,
2411CE,2,CE5204,C,1,0.0,,,,
2411CE,2,CE5205,C,1,0.0,,,,
2411CE,2,CE5206,C,1,0.0,,,,
2411CE,2,RM6201,RM,1,0.0,,,,
2411CE,2,IK6201,IKS,1,0.0,,,,
2411CE,3,CE6198,SI,1,0.0,,,,
2411CE,3,CE6199,P1,1,0.0,,,,
2411CE,4,CE62PQ,P2,1,0.0,,,,
,,,NAN,1,,,,,
,,,NAN,1,,,,,
,,,NAN,1,,,,,
,,,NAN,1,,,,,
,,,NAN,1,,,,,
,,,NAN,1,,,,,
,,,NAN,1,,,,,
,,,NAN,1,,,,,
,,,NAN,1,,,,,
,,,NAN,1,,,,,
,,,NAN,1,,,,,
,,,NAN,1,,,,,
,,,NAN,1,,,,,
,,,NAN,1,,,,,
,,,NAN,1,,,,,
,,,NAN,1,,,,,
,,,NAN,1,,,,,
,,,NAN,1,,,,,
,,,NAN,1,,,,,
,,,NAN,1,,,,,
,,,NAN,1,,,,,
,,,NAN,1,,,,,
,,,NAN,1,,,,,
,,,NAN,1,,,,,
,,,NAN,1,,,,,
,,,NAN,1,,,,,
,,,NAN,1,,,,,
,,,NAN,1,,,,,
,,,NAN,1,,,,,
,,,NAN,1,,,,,
,,,NAN,1,,,,,
,,,NAN,1,,,,,
,,,NAN,1,,,,,
,,,NAN,1,,,,,
,,,NAN,1,,,,,
,,,NAN,1,,,,,
,,,NAN,1,,,,,
,,,NAN,1,,,,,
,,,NAN,1,,,,,
,,,NAN,1,,,,,
,,,NAN,1,,,,,
,,,NAN,1,,,,,
,,,NAN,1,,,,,
,,,NAN,1,,,,,
2411CE,1,CE5106,C,1,,,,,
2411CE,1,CE5105,C,1,,,,,
2411CE,1,CE5107,C,1,,,,,
2411CE,2,CE5207,C,1,,,,,
2411CE,2,CE5205,C,1,,,,,
2411CE,2,CE5208,C,1,,,,,
2411CE,2,RM6201,RM,1,,,,,
2411CE,2,IK6201,IKS,1,,,,,
2411CE,3,SI,SI,1,,,,,
2411CE,3,P1,P1,1,,,,,
2411CE,4,P2,P2,1,,,,,
,,,NAN,1,,,,,
,,,NAN,1,,,,,
,,,NAN,1,,,,,
,,,NAN,1,,,,,
,,,NAN,1,,,,,
,,,NAN,1,,,,,
,,,NAN,1,,,,,
,,,NAN,1,,,,,
,,,NAN,1,,,,,
,,,NAN,1,,,,,
,,,NAN,1,,,,,
,,,NAN,1,,,,,
,,,NAN,1,,,,,
,,,NAN,1,,,,,
,,,NAN,1,,,,,
,,,NAN,1,,,,,
,,,NAN,1,,,,,
,,,NAN,1,,,,,
,,,NAN,1,,,,,
,,,NAN,1,,,,,
,,,NAN,1,,,,,
,,,NAN,1,,,,,
,,,NAN,1,,,,,
,,,NAN,1,,,,,
,,,NAN,1,,,,,
,,,NAN,1,,,,,
,,,NAN,1,,,,,
,,,NAN,1,,,,,
,,,NAN,1,,,,,
,,,NAN,1,,,,,
,,,NAN,1,,,,,
,,,NAN,1,,,,,
,,,NAN,1,,,,,
,,,NAN,1,,,,,
,,,NAN,1,,,,,
,,,NAN,1,,,,,
,,,NAN,1,,,,,
,,,NAN,1,,,,,
,,,NAN,1,,,,,
,,,NAN,1,,,,,
,,,NAN,1,,,,,
,,,NAN,1,,,,,
,,,NAN,1,,,,,
,,,NAN,1,,,,,
2411CE,1,CE5111,CORE,1,0.0,,,,
2411CE,1,CE5112,CORE,1,0.0,,,,
2411CE,1,CE5113,CORE,1,0.0,,,,
2411CE,2,CE5212,CORE,1,0.0,,,,
2411CE,2,CE5213,CORE,1,0.0,,,,
2411CE,2,CE5214,CORE,1,0.0,,,,
2411CE,2,RM6201,RM,1,0.0,,,,
2411CE,2,IK6201,IKS,1,0.0,,,,
2411CE,3,CE6198,SI,1,0.0,,,,
2411CE,3,CE6199,P1,1,0.0,,,,
2411CE,4,CE6299,P2,1,0.0,,,,
,,,NAN,1,,,,,
,,,NAN,1,,,,,
,,,NAN,1,,,,,
,,,NAN,1,,,,,
,,,NAN,1,,,,,
,,,NAN,1,,,,,
,,,NAN,1,,,,,
,,,NAN,1,,,,,
,,,NAN,1,,,,,
,,,NAN,1,,,,,
,,,NAN,1,,,,,
,,,NAN,1,,,,,
,,,NAN,1,,,,,
,,,NAN,1,,,,,
,,,NAN,1,,,,,
,,,NAN,1,,,,,
,,,NAN,1,,,,,
,,,NAN,1,,,,,
,,,NAN,1,,,,,
,,,NAN,1,,,,,
,,,NAN,1,,,,,
,,,NAN,1,,,,,
,,,NAN,1,,,,,
,,,NAN,1,,,,,
,,,NAN,1,,,,,
,,,NAN,1,,,,,
,,,NAN,1,,,,,
,,,NAN,1,,,,,
,,,NAN,1,,,,,
,,,NAN,1,,,,,
,,,NAN,1,,,,,
,,,NAN,1,,,,,
,,,NAN,1,,,,,
,,,NAN,1,,,,,
,,,NAN,1,,,,,
,,,NAN,1,,,,,
,,,NAN,1,,,,,
,,,NAN,1,,,,,
,,,NAN,1,,,,,
,,,NAN,1,,,,,
,,,NAN,1,,,,,
,,,NAN,1,,,,,
,,,NAN,1,,,,,
,,,NAN,1,,,,,
,,,NAN,1,,,,,
2411CE,1,CE5108,CORE,1,0.0,,,,
2411CE,1,CE5109,CORE,1,0.0,,,,
2411CE,1,CE5110,CORE,1,0.0,,,,
2411CE,2,CE5209,CORE,1,0.0,,,,
2411CE,2,CE5210,CORE,1,0.0,,,,
2411CE,2,CE5211,CORE,1,0.0,,,,
2411CE,2,RM6201,RM,1,0.0,,,,
2411CE,2,IK6201,IKS,1,0.0,,,,
2411CE,3,CE6198,SI,1,0.0,,,,
2411CE,3,CE6199,P1,1,0.0,,,,
2411CE,4,CE6299,P2,1,0.0,,,,
,,,NAN,1,,,,,
,,,NAN,1,,,,,
,,,NAN,1,,,,,
,,,NAN,1,,,,,
,,,NAN,1,,,,,
,,,NAN,1,,,,,
,,,NAN,1,,,,,
,,,NAN,1,,,,,
,,,NAN,1,,,,,
,,,NAN,1,,,,,
,,,NAN,1,,,,,
,,,NAN,1,,,,,
,,,NAN,1,,,,,
,,,NAN,1,,,,,
,,,NAN,1,,,,,
,,,NAN,1,,,,,
,,,NAN,1,,,,,
,,,NAN,1,,,,,
,,,NAN,1,,,,,
,,,NAN,1,,,,,
,,,NAN,1,,,,,
,,,NAN,1,,,,,
,,,NAN,1,,,,,
,,,NAN,1,,,,,
,,,NAN,1,,,,,
,,,NAN,1,,,,,
,,,NAN,1,,,,,
,,,NAN,1,,,,,
,,,NAN,1,,,,,
,,,NAN,1,,,,,
,,,NAN,1,,,,,
,,,NAN,1,,,,,
,,,NAN,1,,,,,
,,,NAN,1,,,,,
,,,NAN,1,,,,,
,,,NAN,1,,,,,
,,,NAN,1,,,,,
,,,NAN,1,,,,,
,,,NAN,1,,,,,
,,,NAN,1,,,,,
,,,NAN,1,,,,,
,,,NAN,1,,,,,
,,,NAN,1,,,,,
,,,NAN,1,,,,,
2411CE,1,CE5181 ,CORE,1,0.0,,,,
2411CE,1,CE5182,CORE,1,0.0,,,,
2411CE,1,CE5183,CORE,1,0.0,,,,
2411CE,2,CE5281,CORE,1,0.0,,,,
2411CE,2,CE5282,CORE,1,0.0,,,,
2411CE,2,CE5283 ,CORE,1,0.0,,,,
2411CE,2,RM6201,RM,1,0.0,,,,
2411CE,2,IK6201 ,IKS,1,0.0,,,,
2411CE,3,CE6198,SI,1,0.0,,,,
2411CE,3,CE6199,P1,1,0.0,,,,
2411CE,4,CE6299,P2,1,0.0,,,,
,,,NAN,1,,,,,
,,,NAN,1,,,,,
,,,NAN,1,,,,,
,,,NAN,1,,,,,
,,,NAN,1,,,,,
,,,NAN,1,,,,,
,,,NAN,1,,,,,
,,,NAN,1,,,,,
,,,NAN,1,,,,,
,,,NAN,1,,,,,
,,,NAN,1,,,,,
,,,NAN,1,,,,,
,,,NAN,1,,,,,
,,,NAN,1,,,,,
,,,NAN,1,,,,,
,,,NAN,1,,,,,
,,,NAN,1,,,,,
,,,NAN,1,,,,,
,,,NAN,1,,,,,
,,,NAN,1,,,,,
,,,NAN,1,,,,,
,,,NAN,1,,,,,
,,,NAN,1,,,,,
,,,NAN,1,,,,,
,,,NAN,1,,,,,
,,,NAN,1,,,,,
,,,NAN,1,,,,,
,,,NAN,1,,,,,
,,,NAN,1,,,,,
,,,NAN,1,,,,,
,,,NAN,1,,,,,
,,,NAN,1,,,,,
,,,NAN,1,,,,,
,,,NAN,1,,,,,
,,,NAN,1,,,,,
,,,NAN,1,,,,,
,,,NAN,1,,,,,
,,,NAN,1,,,,,
,,,NAN,1,,,,,
,,,NAN,1,,,,,
,,,NAN,1,,,,,
,,,NAN,1,,,,,
2411AI,1,CS5101,C,1,0.0,,,,
2411AI,1,CS5102,C,1,0.0,,,,
2411AI,1,CS5103,C,1,0.0,,,,
2411AI,2,CS5201,C,1,0.0,,,,
2411AI,2,CS5203,C,1,0.0,,,,
2411AI,2,RM6201,RM,1,0.0,,,,
2411AI,2,CS5205,C,1,0.0,,,,
2411AI,2,IK6201,IKS,1,0.0,,,,
2411AI,3,CS6198,SI,1,0.0,,,,
2411AI,3,CS6199,P1,1,0.0,,,,
2411AI,4,CS6299,P2,1,0.0,,,,
,,,NAN,1,,,,,
,,,NAN,1,,,,,
,,,NAN,1,,,,,
,,,NAN,1,,,,,
,,,NAN,1,,,,,
,,,NAN,1,,,,,
,,,NAN,1,,,,,
,,,NAN,1,,,,,
,,,NAN,1,,,,,
,,,NAN,1,,,,,
,,,NAN,1,,,,,
,,,NAN,1,,,,,
,,,NAN,1,,,,,
,,,NAN,1,,,,,
,,,NAN,1,,,,,
,,,NAN,1,,,,,
,,,NAN,1,,,,,
,,,NAN,1,,,,,
,,,NAN,1,,,,,
,,,NAN,1,,,,,
,,,NAN,1,,,,,
,,,NAN,1,,,,,
,,,NAN,1,,,,,
,,,NAN,1,,,,,
,,,NAN,1,,,,,
,,,NAN,1,,,,,
,,,NAN,1,,,,,
,,,NAN,1,,,,,
,,,NAN,1,,,,,
,,,NAN,1,,,,,
,,,NAN,1,,,,,
,,,NAN,1,,,,,
,,,NAN,1,,,,,
,,,NAN,1,,,,,
,,,NAN,1,,,,,
,,,NAN,1,,,,,
,,,NAN,1,,,,,
,,,NAN,1,,,,,
,,,NAN,1,,,,,
,,,NAN,1,,,,,
,,,NAN,1,,,,,
,,,NAN,1,,,,,
,,,NAN,1,,,,,
,,,NAN,1,,,,,
,,,NAN,1,,,,,
,,,NAN,1,,,,,
,,,NAN,1,,,,,
,,,NAN,1,,,,,
,,,NAN,1,,,,,
,,,NAN,1,,,,,
,,,NAN,1,,,,,
,,,NAN,1,,,,,
,,,NAN,1,,,,,
,,,NAN,1,,,,,
,,,NAN,1,,,,,
,,,NAN,1,,,,,
,,,NAN,1,,,,,
,,,NAN,1,,,,,
,,,NAN,1,,,,,
,,,NAN,1,,,,,
,,,NAN,1,,,,,
,,,NAN,1,,,,,
,,,NAN,1,,,,,
,,,NAN,1,,,,,
,,,NAN,1,,,,,
,,,NAN,1,,,,,
,,,NAN,1,,,,,
,,,NAN,1,,,,,
,,,NAN,1,,,,,
,,,NAN,1,,,,,
,,,NAN,1,,,,,
,,,NAN,1,,,,,
,,,NAN,1,,,,,
,,,NAN,1,,,,,
,,,NAN,1,,,,,
,,,NAN,1,,,,,
,,,NAN,1,,,,,
,,,NAN,1,,,,,
,,,NAN,1,,,,,
,,,NAN,1,,,,,
,,,NAN,1,,,,,
,,,NAN,1,,,,,
,,,NAN,1,,,,,
,,,NAN,1,,,,,
,,,NAN,1,,,,,
,,,NAN,1,,,,,
,,,NAN,1,,,,,
,,,NAN,1,,,,,
,,,NAN,1,,,,,
,,,NAN,1,,,,,
,,,NAN,1,,,,,
,,,NAN,1,,,,,
,,,NAN,1,,,,,
,,,NAN,1,,,,,
,,,NAN,1,,,,,
,,,NAN,1,,,,,
,,,NAN,1,,,,,
,,,NAN,1,,,,,
,,,NAN,1,,,,,
,,,NAN,1,,,,,
,,,NAN,1,,,,,
,,,NAN,1,,,,,
,,,NAN,1,,,,,
,,,NAN,1,,,,,
2411EE,1,EC5101,CORE,1,0.0,,,,
2411EE,1,EC5102,CORE,1,0.0,,,,
2411EE,1,EC5103,CORE,1,0.0,,,,
2411EE,2,EC5201,CORE,1,0.0,,,,
2411EE,2,EC5202,CORE,1,0.0,,,,
2411EE,2,RM6201,RM,1,0.0,,,,
2411EE,2,IK6201,IKS,1,0.0,,,,
2411EE,3,EC6102,SI,1,0.0,,,,
2411EE,3,EC6101,P1,1,0.0,,,,
2411EE,4,EC6201,P2,1,0.0,,,,
,,,NAN,1,,,,,
,,,NAN,1,,,,,
,,,NAN,1,,,,,
,,,NAN,1,,,,,
,,,NAN,1,,,,,
,,,NAN,1,,,,,
,,,NAN,1,,,,,
,,,NAN,1,,,,,
,,,NAN,1,,,,,
,,,NAN,1,,,,,
,,,NAN,1,,,,,
,,,NAN,1,,,,,
,,,NAN,1,,,,,
,,,NAN,1,,,,,
,,,NAN,1,,,,,
,,,NAN,1,,,,,
,,,NAN,1,,,,,
,,,NAN,1,,,,,
,,,NAN,1,,,,,
,,,NAN,1,,,,,
,,,NAN,1,,,,,
,,,NAN,1,,,,,
,,,NAN,1,,,,,
,,,NAN,1,,,,,
,,,NAN,1,,,,,
,,,NAN,1,,,,,
,,,NAN,1,,,,,
,,,NAN,1,,,,,
,,,NAN,1,,,,,
,,,NAN,1,,,,,
,,,NAN,1,,,,,
,,,NAN,1,,,,,
,,,NAN,1,,,,,
,,,NAN,1,,,,,
,,,NAN,1,,,,,
,,,NAN,1,,,,,
,,,NAN,1,,,,,
,,,NAN,1,,,,,
,,,NAN,1,,,,,
,,,NAN,1,,,,,
,,,NAN,1,,,,,
,,,NAN,1,,,,,
,,,NAN,1,,,,,
,,,NAN,1,,,,,
2411EE,1,EE5101,CORE,1,0.0,,,,
2411EE,1,EE5102,CORE,1,0.0,,,,
2411EE,1,EE5103,CORE,1,0.0,,,,
2411EE,2,EE5201,CORE,1,0.0,,,,
2411EE,2,EE5202,CORE,1,0.0,,,,
2411EE,2,RM6201,RM,1,0.0,,,,
2411EE,2,IK6201 ,IKS,1,0.0,,,,
2411EE,3,EE6198,SI,1,0.0,,,,
2411EE,3,"EE6199
",P1,1,0.0,,,,
2411EE,4,"EE6299
",P2,1,0.0,,,,
,,,NAN,1,,,,,
,,,NAN,1,,,,,
,,,NAN,1,,,,,
,,,NAN,1,,,,,
,,,NAN,1,,,,,
,,,NAN,1,,,,,
,,,NAN,1,,,,,
,,,NAN,1,,,,,
,,,NAN,1,,,,,
,,,NAN,1,,,,,
,,,NAN,1,,,,,
,,,NAN,1,,,,,
,,,NAN,1,,,,,
,,,NAN,1,,,,,
,,,NAN,1,,,,,
,,,NAN,1,,,,,
,,,NAN,1,,,,,
,,,NAN,1,,,,,
,,,NAN,1,,,,,
,,,NAN,1,,,,,
,,,NAN,1,,,,,
,,,NAN,1,,,,,
,,,NAN,1,,,,,
,,,NAN,1,,,,,
,,,NAN,1,,,,,
,,,NAN,1,,,,,
,,,NAN,1,,,,,
,,,NAN,1,,,,,
,,,NAN,1,,,,,
,,,NAN,1,,,,,
,,,NAN,1,,,,,
,,,NAN,1,,,,,
,,,NAN,1,,,,,
,,,NAN,1,,,,,
,,,NAN,1,,,,,
,,,NAN,1,,,,,
,,,NAN,1,,,,,
,,,NAN,1,,,,,
,,,NAN,1,,,,,
,,,NAN,1,,,,,
,,,NAN,1,,,,,
,,,NAN,1,,,,,
,,,NAN,1,,,,,
,,,NAN,1,,,,,
2411EE,1,EC5151,CORE,1,0.0,,,,
2411EE,1,EC5152,CORE,1,0.0,,,,
2411EE,1,EC5161 ,CORE,1,0.0,,,,
2411EE,2,EC5251,CORE,1,0.0,,,,
2411EE,2,EC5252,CORE,1,0.0,,,,
2411EE,2,RM6201,RM,1,0.0,,,,
2411EE,2,IK6201 ,IKS,1,0.0,,,,
2411EE,3,EC6198 ,SI,1,0.0,,,,
2411EE,3,EC6199 ,P1,1,0.0,,,,
2411EE,4,EC6299 ,P2,1,0.0,,,,
,,,NAN,1,,,,,
,,,NAN,1,,,,,
,,,NAN,1,,,,,
,,,NAN,1,,,,,
,,,NAN,1,,,,,
,,,NAN,1,,,,,
,,,NAN,1,,,,,
,,,NAN,1,,,,,
,,,NAN,1,,,,,
,,,NAN,1,,,,,
,,,NAN,1,,,,,
,,,NAN,1,,,,,
,,,NAN,1,,,,,
,,,NAN,1,,,,,
,,,NAN,1,,,,,
,,,NAN,1,,,,,
,,,NAN,1,,,,,
,,,NAN,1,,,,,
,,,NAN,1,,,,,
,,,NAN,1,,,,,
,,,NAN,1,,,,,
,,,NAN,1,,,,,
,,,NAN,1,,,,,
,,,NAN,1,,,,,
,,,NAN,1,,,,,
,,,NAN,1,,,,,
,,,NAN,1,,,,,
,,,NAN,1,,,,,
,,,NAN,1,,,,,
,,,NAN,1,,,,,
,,,NAN,1,,,,,
,,,NAN,1,,,,,
,,,NAN,1,,,,,
,,,NAN,1,,,,,
,,,NAN,1,,,,,
,,,NAN,1,,,,,
,,,NAN,1,,,,,
,,,NAN,1,,,,,
,,,NAN,1,,,,,
,,,NAN,1,,,,,
,,,NAN,1,,,,,
,,,NAN,1,,,,,
,,,NAN,1,,,,,
,,,NAN,1,,,,,
2411MC,SEM-1,MC5101,CORE,1,0.0,,,,
2411MC,SEM-1,MC5102,CORE,1,0.0,,,,
2411MC,SEM-1,XX51PQ/XX61PQ,1DE,1,0.0,,,,
2411MC,SEM-2,MC5201,CORE,1,0.0,,,,
2411MC,SEM-2,MC5202,CORE,1,0.0,,,,
2411MC,SEM-2,RM6201,RM,1,0.0,,,,
2411MC,SEM-2,IK6201,IK,1,0.0,,,,
2411MC,SEM-3,MC6198,SI,1,0.0,,,,
2411MC,SEM-3,MC6199,P1,1,0.0,,,,
2411MC,SEM-4,MC6299,P2,1,0.0,,,,
,,,NAN,1,,,,,
,,,NAN,1,,,,,
,,,NAN,1,,,,,
,,,NAN,1,,,,,
,,,NAN,1,,,,,
,,,NAN,1,,,,,
,,,NAN,1,,,,,
,,,NAN,1,,,,,
,,,NAN,1,,,,,
,,,NAN,1,,,,,
,,,NAN,1,,,,,
,,,NAN,1,,,,,
,,,NAN,1,,,,,
,,,NAN,1,,,,,
,,,NAN,1,,,,,
,,,NAN,1,,,,,
,,,NAN,1,,,,,
,,,NAN,1,,,,,
,,,NAN,1,,,,,
,,,NAN,1,,,,,
,,,NAN,1,,,,,
,,,NAN,1,,,,,
,,,NAN,1,,,,,
,,,NAN,1,,,,,
,,,NAN,1,,,,,
,,,NAN,1,,,,,
,,,NAN,1,,,,,
,,,NAN,1,,,,,
,,,NAN,1,,,,,
,,,NAN,1,,,,,
,,,NAN,1,,,,,
,,,NAN,1,,,,,
,,,NAN,1,,,,,
,,,NAN,1,,,,,
,,,NAN,1,,,,,
,,,NAN,1,,,,,
,,,NAN,1,,,,,
,,,NAN,1,,,,,
,,,NAN,1,,,,,
,,,NAN,1,,,,,
,,,NAN,1,,,,,
,,,NAN,1,,,,,
,,,NAN,1,,,,,
,,,NAN,1,,,,,
2411ME,1,ME5101,CORE,1,0.0,,,,
2411ME,1,ME5103,CORE,1,0.0,,,,
2411ME,1,ME5108,CORE,1,0.0,,,,
2411ME,1,ME5109,CORE,1,0.0,,,,
2411ME,2,ME5201,CORE,1,0.0,,,,
2411ME,2,ME5203,CORE,1,0.0,,,,
2411ME,2,ME5207,CORE,1,0.0,,,,
2411ME,2,RM6201,RM,1,0.0,,,,
2411ME,2,ME5208,CORE,1,0.0,,,,
2411ME,2,IK6201,IKS,1,0.0,,,,
2411ME,3,ME6198,SI,1,0.0,,,,
2411ME,3,ME6199,P1,1,0.0,,,,
2411ME,4,ME6299,P2,1,0.0,,,,
,,,NAN,1,,,,,
,,,NAN,1,,,,,
,,,NAN,1,,,,,
,,,NAN,1,,,,,
,,,NAN,1,,,,,
,,,NAN,1,,,,,
,,,NAN,1,,,,,
,,,NAN,1,,,,,
,,,NAN,1,,,,,
,,,NAN,1,,,,,
,,,NAN,1,,,,,
,,,NAN,1,,,,,
,,,NAN,1,,,,,
,,,NAN,1,,,,,
,,,NAN,1,,,,,
,,,NAN,1,,,,,
,,,NAN,1,,,,,
,,,NAN,1,,,,,
,,,NAN,1,,,,,
,,,NAN,1,,,,,
,,,NAN,1,,,,,
,,,NAN,1,,,,,
,,,NAN,1,,,,,
,,,NAN,1,,,,,
,,,NAN,1,,,,,
,,,NAN,1,,,,,
,,,NAN,1,,,,,
,,,NAN,1,,,,,
,,,NAN,1,,,,,
,,,NAN,1,,,,,
,,,NAN,1,,,,,
,,,NAN,1,,,,,
,,,NAN,1,,,,,
,,,NAN,1,,,,,
,,,NAN,1,,,,,
,,,NAN,1,,,,,
,,,NAN,1,,,,,
,,,NAN,1,,,,,
,,,NAN,1,,,,,
,,,NAN,1,,,,,
,,,NAN,1,,,,,
,,,NAN,1,,,,,
,1,ME5101,CORE,1,0.0,,,,
,1,ME5102,CORE,1,0.0,,,,
,1,ME5103,CORE,1,0.0,,,,
,1,ME5104,CORE,1,0.0,,,,
,2,ME5201,CORE,1,0.0,,,,
,2,ME5202,CORE,1,0.0,,,,
,2,ME5203,CORE,1,0.0,,,,
,2,RM6201,RM1,1,0.0,,,,
,2,ME5204,CORE,1,0.0,,,,
,2,IK6201,IKS,1,0.0,,,,
,3,ME6198,SI,1,0.0,,,,
,3,ME6199,P1,1,0.0,,,,
,4,ME6299,P2,1,0.0,,,,
,,,NAN,1,,,,,
,,,NAN,1,,,,,
,,,NAN,1,,,,,
,,,NAN,1,,,,,
,,,NAN,1,,,,,
,,,NAN,1,,,,,
,,,NAN,1,,,,,
,,,NAN,1,,,,,
,,,NAN,1,,,,,
,,,NAN,1,,,,,
,,,NAN,1,,,,,
,,,NAN,1,,,,,
,,,NAN,1,,,,,
,,,NAN,1,,,,,
,,,NAN,1,,,,,
,,,NAN,1,,,,,
,,,NAN,1,,,,,
,,,NAN,1,,,,,
,,,NAN,1,,,,,
,,,NAN,1,,,,,
,,,NAN,1,,,,,
,,,NAN,1,,,,,
,,,NAN,1,,,,,
,,,NAN,1,,,,,
,,,NAN,1,,,,,
,,,NAN,1,,,,,
,,,NAN,1,,,,,
,,,NAN,1,,,,,
,,,NAN,1,,,,,
,,,NAN,1,,,,,
,,,NAN,1,,,,,
,,,NAN,1,,,,,
,,,NAN,1,,,,,
,,,NAN,1,,,,,
,,,NAN,1,,,,,
,,,NAN,1,,,,,
,,,NAN,1,,,,,
,,,NAN,1,,,,,
,,,NAN,1,,,,,
,,,NAN,1,,,,,
,,,NAN,1,,,,,
,,,NAN,1,,,,,
,1,ME5101,CORE,1,0.0,,,,
,1,MH5101,CORE,1,0.0,,,,
,1,EC5152,CORE,1,0.0,,,,
,2,MH5201,CORE,1,0.0,,,,
,2,MH5202,CORE,1,0.0,,,,
,2,RM6201,RM,1,0.0,,,,
,2,MH5203,CORE,1,0.0,,,,
,2,IK6201,IKS,1,0.0,,,,
,3,MH6198,SI,1,0.0,,,,
,3,MH6199,P1,1,0.0,,,,
,4,MH6299,P2,1,0.0,,,,
,,,NAN,1,,,,,
,,,NAN,1,,,,,
,,,NAN,1,,,,,
,,,NAN,1,,,,,
,,,NAN,1,,,,,
,,,NAN,1,,,,,
,,,NAN,1,,,,,
,,,NAN,1,,,,,
,,,NAN,1,,,,,
,,,NAN,1,,,,,
,,,NAN,1,,,,,
,,,NAN,1,,,,,
,,,NAN,1,,,,,
,,,NAN,1,,,,,
,,,NAN,1,,,,,
,,,NAN,1,,,,,
,,,NAN,1,,,,,
,,,NAN,1,,,,,
,,,NAN,1,,,,,
,,,NAN,1,,,,,
,,,NAN,1,,,,,
,,,NAN,1,,,,,
,,,NAN,1,,,,,
,,,NAN,1,,,,,
,,,NAN,1,,,,,
,,,NAN,1,,,,,
,,,NAN,1,,,,,
,,,NAN,1,,,,,
,,,NAN,1,,,,,
,,,NAN,1,,,,,
,,,NAN,1,,,,,
,,,NAN,1,,,,,
,,,NAN,1,,,,,
,,,NAN,1,,,,,
,,,NAN,1,,,,,
,,,NAN,1,,,,,
,,,NAN,1,,,,,
,,,NAN,1,,,,,
,,,NAN,1,,,,,
,,,NAN,1,,,,,
,,,NAN,1,,,,,
,,,NAN,1,,,,,
,1,ME5101,CORE,1,0.0,,,,
,1,ME5105,CORE,1,0.0,,,,
,1,ME5106,CORE,1,0.0,,,,
,1,ME5107,CORE,1,0.0,,,,
,2,ME5201,CORE,1,0.0,,,,
,2,ME5205,CORE,1,0.0,,,,
,2,ME5203,CORE,1,0.0,,,,
,2,RM6201,RM,1,0.0,,,,
,2,ME5206,CORE,1,0.0,,,,
,2,IK6201,IKS,1,0.0,,,,
,3,ME6198,SI,1,0.0,,,,
,3,ME6199,P1,1,0.0,,,,
,4,ME6299,P2,1,0.0,,,,
,,,NAN,1,,,,,
,,,NAN,1,,,,,
,,,NAN,1,,,,,
,,,NAN,1,,,,,
,,,NAN,1,,,,,
,,,NAN,1,,,,,
,,,NAN,1,,,,,
,,,NAN,1,,,,,
,,,NAN,1,,,,,
,,,NAN,1,,,,,
,,,NAN,1,,,,,
,,,NAN,1,,,,,
,,,NAN,1,,,,,
,,,NAN,1,,,,,
,,,NAN,1,,,,,
,,,NAN,1,,,,,
,,,NAN,1,,,,,
,,,NAN,1,,,,,
,,,NAN,1,,,,,
,,,NAN,1,,,,,
,,,NAN,1,,,,,
,,,NAN,1,,,,,
,,,NAN,1,,,,,
,,,NAN,1,,,,,
,,,NAN,1,,,,,
,,,NAN,1,,,,,
,,,NAN,1,,,,,
,,,NAN,1,,,,,
,,,NAN,1,,,,,
,,,NAN,1,,,,,
,,,NAN,1,,,,,
,,,NAN,1,,,,,
,,,NAN,1,,,,,
,,,NAN,1,,,,,
,,,NAN,1,,,,,
,,,NAN,1,,,,,
,,,NAN,1,,,,,
,,,NAN,1,,,,,
,,,NAN,1,,,,,
,,,NAN,1,,,,,
,,,NAN,1,,,,,
,,,NAN,1,,,,,
2411MM,1,HS5111,CORE,1,0.0,,,,
2411MM,1,MM5101,CORE,1,0.0,,,,
2411MM,1,MM5102,CORE,1,0.0,,,,
2411MM,1,MM5103,CORE,1,0.0,,,,
2411MM,1,MM5104,CORE,1,0.0,,,,
2411MM,2,MM5205,CORE,1,0.0,,,,
2411MM,2,MM5206,CORE,1,0.0,,,,
2411MM,2,RM6201,RM,1,0.0,,,,
2411MM,2,IK6201,IKS,1,0.0,,,,
2411MM,3,MM6198,SI/P,1,0.0,,,,
2411MM,3,MM6199,P1,1,0.0,,,,
2411MM,4,MM6299,P2,1,0.0,,,,
,,,NAN,1,,,,,
,,,NAN,1,,,,,
,,,NAN,1,,,,,
,,,NAN,1,,,,,
,,,NAN,1,,,,,
,,,NAN,1,,,,,
,,,NAN,1,,,,,
,,,NAN,1,,,,,
,,,NAN,1,,,,,
,,,NAN,1,,,,,
,,,NAN,1,,,,,
,,,NAN,1,,,,,
,,,NAN,1,,,,,
,,,NAN,1,,,,,
,,,NAN,1,,,,,
,,,NAN,1,,,,,
,,,NAN,1,,,,,
,,,NAN,1,,,,,
,,,NAN,1,,,,,
,,,NAN,1,,,,,
,,,NAN,1,,,,,
,,,NAN,1,,,,,
,,,NAN,1,,,,,
,,,NAN,1,,,,,
,,,NAN,1,,,,,
,,,NAN,1,,,,,
,,,NAN,1,,,,,
,,,NAN,1,,,,,
,,,NAN,1,,,,,
,,,NAN,1,,,,,
,,,NAN,1,,,,,
,,,NAN,1,,,,,
,,,NAN,1,,,,,
,,,NAN,1,,,,,
,,,NAN,1,,,,,
,,,NAN,1,,,,,
,,,NAN,1,,,,,
,,,NAN,1,,,,,
,,,NAN,1,,,,,
,,,NAN,1,,,,,
,,,NAN,1,,,,,
,,,NAN,1,,,,,
,,,NAN,1,,,,,
2412CH,1,CH4101,CORE,1,0.0,,,,
2412CH,1,CH4102,CORE,1,0.0,,,,
2412CH,1,CH4103,CORE,1,0.0,,,,
2412CH,1,CH4104,CORE,1,0.0,,,,
2412CH,1,CH4105,CORE,1,0.0,,,,
2412CH,1,CH4106,CORE,1,0.0,,,,
2412CH,2,CH4201,CORE,1,0.0,,,,
2412CH,2,CH4202,CORE,1,0.0,,,,
2412CH,2,CH4203,CORE,1,0.0,,,,
2412CH,2,CH4204,CORE,1,0.0,,,,
2412CH,2,CH4205,CORE,1,0.0,,,,
2412CH,2,CH4206,CORE,1,0.0,,,,
2412CH,3,CH5101,CORE,1,0.0,,,,
2412CH,3,CH5102,CORE,1,0.0,,,,
2412CH,3,CH5103,CORE,1,0.0,,,,
2412CH,3,CH5199,P1,1,0.0,,,,
2412CH,4,CH6201,CORE,1,0.0,,,,
2412CH,4,CH5299,P2,1,0.0,,,,
2412CH,4,IK52xx,IKS,1,0.0,,,,
,,,NAN,1,,,,,
,,,NAN,1,,,,,
,,,NAN,1,,,,,
,,,NAN,1,,,,,
,,,NAN,1,,,,,
,,,NAN,1,,,,,
,,,NAN,1,,,,,
,,,NAN,1,,,,,
,,,NAN,1,,,,,
,,,NAN,1,,,,,
,,,NAN,1,,,,,
,,,NAN,1,,,,,
,,,NAN,1,,,,,
,,,NAN,1,,,,,
,,,NAN,1,,,,,
,,,NAN,1,,,,,
,,,NAN,1,,,,,
,,,NAN,1,,,,,
,,,NAN,1,,,,,
,,,NAN,1,,,,,
,,,NAN,1,,,,,
,,,NAN,1,,,,,
,,,NAN,1,,,,,
,,,NAN,1,,,,,
,,,NAN,1,,,,,
,,,NAN,1,,,,,
,,,NAN,1,,,,,
,,,NAN,1,,,,,
,,,NAN,1,,,,,
,,,NAN,1,,,,,
,,,NAN,1,,,,,
,,,NAN,1,,,,,
,,,NAN,1,,,,,
,,,NAN,1,,,,,
,,,NAN,1,,,,,
,,,NAN,1,,,,,
,,,NAN,1,,,,,
,,,NAN,1,,,,,
2412MA,1,MA4101,CORE,1,0.0,,,,
2412MA,1,MA4102,CORE,1,0.0,,,,
2412MA,1,MA4103,CORE,1,0.0,,,,
2412MA,1,MA4104,CORE,1,0.0,,,,
2412MA,1,MA4105,CORE,1,0.0,,,,
2412MA,2,MA4201,CORE,1,0.0,,,,
2412MA,2,MA4202,CORE,1,0.0,,,,
2412MA,2,MA4203,CORE,1,0.0,,,,
2412MA,2,MA4204,CORE,1,0.0,,,,
2412MA,2,MA4205,CORE,1,0.0,,,,
2412MA,3,MA5101,CORE,1,0.0,,,,
2412MA,3,MA5102,CORE,1,0.0,,,,
2412MA,3,MA5103,CORE,1,0.0,,,,
2412MA,3,MA5199,P1,1,0.0,,,,
2412MA,4,MA5299,P2,1,0.0,,,,
2412MA,4,IK52xx,IKS,1,0.0,,,,
,,,NAN,1,,,,,
,,,NAN,1,,,,,
,,,NAN,1,,,,,
,,,NAN,1,,,,,
,,,NAN,1,,,,,
,,,NAN,1,,,,,
,,,NAN,1,,,,,
,,,NAN,1,,,,,
,,,NAN,1,,,,,
,,,NAN,1,,,,,
,,,NAN,1,,,,,
,,,NAN,1,,,,,
,,,NAN,1,,,,,
,,,NAN,1,,,,,
,,,NAN,1,,,,,
,,,NAN,1,,,,,
,,,NAN,1,,,,,
,,,NAN,1,,,,,
,,,NAN,1,,,,,
,,,NAN,1,,,,,
,,,NAN,1,,,,,
,,,NAN,1,,,,,
,,,NAN,1,,,,,
,,,NAN,1,,,,,
,,,NAN,1,,,,,
,,,NAN,1,,,,,
,,,NAN,1,,,,,
,,,NAN,1,,,,,
,,,NAN,1,,,,,
,,,NAN,1,,,,,
,,,NAN,1,,,,,
,,,NAN,1,,,,,
,,,NAN,1,,,,,
,,,NAN,1,,,,,
,,,NAN,1,,,,,
,,,NAN,1,,,,,
,,,NAN,1,,,,,
,,,NAN,1,,,,,
2412PH,1,PH4101,CORE,1,0.0,,,,
2412PH,1,PH4102,CORE,1,0.0,,,,
2412PH,1,PH4103,CORE,1,0.0,,,,
2412PH,1,PH4104,CORE,1,0.0,,,,
2412PH,1,PH4105,CORE,1,0.0,,,,
2412PH,2,PH4201,CORE,1,0.0,,,,
2412PH,2,PH4202,CORE,1,0.0,,,,
2412PH,2,PH4203,CORE,1,0.0,,,,
2412PH,2,PH4204,CORE,1,0.0,,,,
2412PH,3,PH5101,CORE,1,0.0,,,,
2412PH,3,PH5102,CORE,1,0.0,,,,
2412PH,3,PH5103,CORE,1,0.0,,,,
2412PH,3,PH5199,P1,1,0.0,,,,
2412PH,4,PH5210,CORE,1,0.0,,,,
2412PH,4,PH5299,P2,1,0.0,,,,
2412PH,4,IK52xx,IKS,1,0.0,,,,
,,,NAN,1,,,,,
,,,NAN,1,,,,,
,,,NAN,1,,,,,
,,,NAN,1,,,,,
,,,NAN,1,,,,,
,,,NAN,1,,,,,
,,,NAN,1,,,,,
,,,NAN,1,,,,,
,,,NAN,1,,,,,
,,,NAN,1,,,,,
,,,NAN,1,,,,,
,,,NAN,1,,,,,
,,,NAN,1,,,,,
,,,NAN,1,,,,,
,,,NAN,1,,,,,
,,,NAN,1,,,,,
,,,NAN,1,,,,,
,,,NAN,1,,,,,
,,,NAN,1,,,,,
,,,NAN,1,,,,,
,,,NAN,1,,,,,
,,,NAN,1,,,,,
,,,NAN,1,,,,,
,,,NAN,1,,,,,
,,,NAN,1,,,,,
,,,NAN,1,,,,,
,,,NAN,1,,,,,
,,,NAN,1,,,,,
,,,NAN,1,,,,,
,,,NAN,1,,,,,
,,,NAN,1,,,,,
,,,NAN,1,,,,,
,,,NAN,1,,,,,
,,,NAN,1,,,,,
,,,NAN,1,,,,,
,,,NAN,1,,,,,
,,,NAN,1,,,,,
,,,NAN,1,,,,,
2401CE,1,MA1101,CORE,1,0.0,,,,
2401CE,1,CS1101,CORE,1,0.0,,,,
2401CE,1,PH1101/PH1201,CORE,1,0.0,,,,
2401CE,1,CE1101/CE1201,CORE,1,0.0,,,,
2401CE,1,EE1101/EE1201,CORE,1,0.0,,,,
2401CE,1,HS1101,CORE,1,0.0,,,,
2401CE,2,MA1201,CORE,1,0.0,,,,
2401CE,2,CS1201,CORE,1,0.0,,,,
2401CE,2,CH1201/CH1101,CORE,1,0.0,,,,
2401CE,2,ME1201/ME1101,CORE,1,0.0,,,,
2401CE,2,ME1202/ME1102,CORE,1,0.0,,,,
2401CE,2,IK1101,IKS,1,0.0,,,,
2401CE,3,CE2101,CORE,1,0.0,,,,
2401CE,3,CE2102,CORE,1,1.0,,,,
2401CE,3,CE2103,CORE,1,0.0,,,,
2401CE,3,CE2104,CORE,1,0.0,,,,
2401CE,4,CE2201,CORE,1,0.0,,,,
2401CE,4,CE2202,CORE,1,0.0,,,,
2401CE,4,CE2203,CORE,1,1.0,,,,
2401CE,4,CE2204,CORE,1,0.0,,,,
2401CE,4,CE2205,CORE,1,0.0,,,,
2401CE,5,CE3101,CORE,1,0.0,,,,
2401CE,5,CE3102,CORE,1,0.0,,,,
2401CE,5,CE3103,CORE,1,1.0,,,,
2401CE,5,CE3104,CORE,1,0.0,,,,
2401CE,6,CE3201,CORE,1,0.0,,,,
2401CE,6,CE3202,CORE,1,1.0,,,,
2401CE,6,CE3203,CORE,1,0.0,,,,
2401CE,6,CE3204,CORE,1,0.0,,,,
2401CE,6,CE3205,CORE,1,0.0,,,,
2401CE,6,CE3206,CORE,1,0.0,,,,
2401CE,7,CE41PQ,BTE1,1,0.0,,,,
2401CE,7,CE41PQ,BTE2,1,0.0,,,,
2401CE,7,XX4198,SI,1,0.0,,,,
2401CE,7,XX4199,P1,1,0.0,,,,
2401CE,7,CE5102,CORE,1,0.0,,,,
2401CE,8,RM6201,RM,1,0.0,,,,
2401CE,8,CE5201,CORE,1,0.0,,,,
2401CE,8,CE5202,CORE,1,0.0,,,,
2401CE,8,CE52PQ/CE62PQ,MTE1,1,0.0,,,,
2401CE,8,CE4299,P2,1,0.0,,,,
2401CE,9,CE51PQ/CE61PQ,MTE2,1,0.0,,,,
2401CE,9,CE51PQ/CE61PQ,MTE3,1,0.0,,,,
2401CE,9,CE51PQ/CE61PQ,MTE4,1,0.0,,,,
2401CE,9,CE5199,P3,1,0.0,,,,
2401CE,10,CE5299,P4,1,0.0,,,,
,,,NAN,1,,,,,
,,,NAN,1,,,,,
,,,NAN,1,,,,,
,,,NAN,1,,,,,
,,,NAN,1,,,,,
,,,NAN,1,,,,,
,,,NAN,1,,,,,
,,,NAN,1,,,,,
,,,NAN,1,,,,,
,,,NAN,1,,,,,
2402GT,1,MA1101,CORE,1,0.0,,,,
2402GT,1,CS1101,CORE,1,0.0,,,,
2402GT,1,PH1101/PH1201,CORE,1,0.0,,,,
2402GT,1,CE1101/CE1201,CORE,1,0.0,,,,
2402GT,1,EE1101/EE1201,CORE,1,0.0,,,,
2402GT,1,HS1101,CORE,1,0.0,,,,
2402GT,2,MA1201,CORE,1,0.0,,,,
2402GT,2,CS1201,CORE,1,0.0,,,,
2402GT,2,CH1201/CH1101,CORE,1,0.0,,,,
2402GT,2,ME1201/ME1101,CORE,1,0.0,,,,
2402GT,2,ME1202/ME1102,CORE,1,0.0,,,,
2402GT,2,IK1101,IKS,1,0.0,,,,
2402GT,3,CE2101,CORE,1,0.0,,,,
2402GT,3,CE2102,CORE,1,1.0,,,,
2402GT,3,CE2103,CORE,1,0.0,,,,
2402GT,3,CE2104,CORE,1,0.0,,,,
2402GT,4,CE2201,CORE,1,0.0,,,,
2402GT,4,CE2202,CORE,1,0.0,,,,
2402GT,4,CE2203,CORE,1,1.0,,,,
2402GT,4,CE2204,CORE,1,0.0,,,,
2402GT,4,CE2205,CORE,1,0.0,,,,
2402GT,5,CE3101,CORE,1,0.0,,,,
2402GT,5,CE3102,CORE,1,0.0,,,,
2402GT,5,CE3103,CORE,1,1.0,,,,
2402GT,5,CE3104,CORE,1,0.0,,,,
2402GT,6,CE3201,CORE,1,0.0,,,,
2402GT,6,CE3202,CORE,1,1.0,,,,
2402GT,6,CE3203,CORE,1,0.0,,,,
2402GT,6,CE3204,CORE,1,0.0,,,,
2402GT,6,CE3205,CORE,1,0.0,,,,
2402GT,6,CE3206,CORE,1,0.0,,,,
2402GT,7,XX41PQ,BTE1,1,0.0,,,,
2402GT,7,XX41PQ,BTE2,1,0.0,,,,
2402GT,7,XX4198,SI,1,0.0,,,,
2402GT,7,XX4199,P1,1,0.0,,,,
2402GT,7,CE5105,CORE,1,0.0,,,,
2402GT,8,RM6201,RM,1,0.0,,,,
2402GT,8,CE5204,CORE,1,0.0,,,,
2402GT,8,CE5205,CORE,1,0.0,,,,
2402GT,8,CE52PQ/CE62PQ,MTE1,1,0.0,,,,
2402GT,8,CE4299,P2,1,0.0,,,,
2402GT,9,CE51PQ/CE61PQ,MTE2,1,0.0,,,,
2402GT,9,CE51PQ/CE61PQ,MTE3,1,0.0,,,,
2402GT,9,CE51PQ/CE61PQ,MTE4,1,0.0,,,,
2402GT,9,CE5199,P3,1,0.0,,,,
2402GT,10,CE5299,P4,1,0.0,,,,
,,,NAN,1,,,,,
,,,NAN,1,,,,,
,,,NAN,1,,,,,
,,,NAN,1,,,,,
,,,NAN,1,,,,,
,,,NAN,1,,,,,
,,,NAN,1,,,,,
,,,NAN,1,,,,,
,,,NAN,1,,,,,
,,,NAN,1,,,,,
2402ST,1,MA1101,CORE,1,0.0,,,,
2402ST,1,CS1101,CORE,1,0.0,,,,
2402ST,1,PH1101/PH1201,CORE,1,0.0,,,,
2402ST,1,CE1101/CE1201,CORE,1,0.0,,,,
2402ST,1,EE1101/EE1201,CORE,1,0.0,,,,
2402ST,1,HS1101,CORE,1,0.0,,,,
2402ST,2,MA1201,CORE,1,0.0,,,,
2402ST,2,CS1201,CORE,1,0.0,,,,
2402ST,2,CH1201/CH1101,CORE,1,0.0,,,,
2402ST,2,ME1201/ME1101,CORE,1,0.0,,,,
2402ST,2,ME1202/ME1102,CORE,1,0.0,,,,
2402ST,2,IK1101,IKS,1,0.0,,,,
2402ST,3,CE5108,CORE,1,0.0,,,,
2402ST,3,CE5109,CORE,1,0.0,,,,
2402ST,3,CE5110,CORE,1,0.0,,,,
2402ST,4,CE5209,CORE,1,0.0,,,,
2402ST,4,CE5210,CORE,1,0.0,,,,
2402ST,4,CE5211,CORE,1,0.0,,,,
2402ST,4,RM6201,RM,1,0.0,,,,
2402ST,4,IK6201,IKS,1,0.0,,,,
2402ST,5,CE6198,SI,1,0.0,,,,
2402ST,5,CE6199,P1,1,0.0,,,,
2402ST,6,CE6299,P2,1,0.0,,,,
2402ST,7,CE41PQ,BTE1,1,0.0,,,,
2402ST,7,CE41PQ,BTE2,1,0.0,,,,
2402ST,7,CE4198,SI,1,0.0,,,,
2402ST,7,CE4199,P1,1,0.0,,,,
2402ST,7,CE5109,CORE,1,0.0,,,,
2402ST,8,RM6201,CORE,1,0.0,,,,
2402ST,8,CE5209,CORE,1,0.0,,,,
2402ST,8,CE5210,CORE,1,0.0,,,,
2402ST,8,CE52PQ/CE62PQ,MTE1,1,0.0,,,,
2402ST,8,CE4299,P2,1,0.0,,,,
2402ST,9,CE52PQ/CE62PQ,MTE2,1,0.0,,,,
2402ST,9,CE52PQ/CE62PQ,MTE3,1,0.0,,,,
2402ST,9,CE52PQ/CE62PQ,MTE4,1,0.0,,,,
2402ST,9,CE5199,P3,1,0.0,,,,
2402ST,10,XX5299,P4,1,0.0,,,,
,,,NAN,1,,,,,
,,,NAN,1,,,,,
,,,NAN,1,,,,,
,,,NAN,1,,,,,
,,,NAN,1,,,,,
,,,NAN,1,,,,,
,,,NAN,1,,,,,
,,,NAN,1,,,,,
,,,NAN,1,,,,,
,,,NAN,1,,,,,
,,,NAN,1,,,,,
,,,NAN,1,,,,,
,,,NAN,1,,,,,
,,,NAN,1,,,,,
,1,MA1101,CORE,1,0.0,,,,
,1,CS1101,CORE,1,0.0,,,,
,1,PH1101/PH1201,CORE,1,0.0,,,,
,1,CE1101/CE1201,CORE,1,0.0,,,,
,1,EE1101/EE1201,CORE,1,0.0,,,,
,1,HS1101,CORE,1,0.0,,,,
,2,MA1201,CORE,1,0.0,,,,
,2,CS1201,CORE,1,0.0,,,,
,2,CH1201/CH1101,CORE,1,0.0,,,,
,2,ME1201/ME1101,CORE,1,0.0,,,,
,2,ME1202/ME1102,CORE,1,0.0,,,,
,2,IK1101,IKS,1,0.0,,,,
,3,CE2101,CORE,1,0.0,,,,
,3,CE2102,CORE,1,1.0,,,,
,3,CE2103,CORE,1,0.0,,,,
,3,CE2104,CORE,1,0.0,,,,
,4,CE2201,CORE,1,0.0,,,,
,4,CE2202,CORE,1,0.0,,,,
,4,CE2203,CORE,1,1.0,,,,
,4,CE2204,CORE,1,0.0,,,,
,4,CE2205,CORE,1,0.0,,,,
,5,CE3101,CORE,1,0.0,,,,
,5,CE3102,CORE,1,0.0,,,,
,5,CE3103,CORE,1,1.0,,,,
,5,CE3104,CORE,1,0.0,,,,
,6,CE3201,CORE,1,0.0,,,,
,6,CE3202,CORE,1,1.0,,,,
,6,CE3203,CORE,1,0.0,,,,
,6,CE3204,CORE,1,0.0,,,,
,6,CE3205,CORE,1,0.0,,,,
,6,CE3206,CORE,1,0.0,,,,
,7,XX41PQ,BTE1,1,0.0,,,,
,7,XX41PQ,BTE2,1,0.0,,,,
,7,XX4198,SI,1,0.0,,,,
,7,XX4199,P1,1,0.0,,,,
,7,CE5105,CORE,1,0.0,,,,
,8,RM6201,RM,1,0.0,,,,
,8,CE5204,CORE,1,0.0,,,,
,8,CE5205,CORE,1,0.0,,,,
,8,CE52PQ/CE62PQ,MTE1,1,0.0,,,,
,8,CE4299,P2,1,0.0,,,,
,9,CE51PQ/CE61PQ,MTE2,1,0.0,,,,
,9,CE51PQ/CE61PQ,MTE3,1,0.0,,,,
,9,CE51PQ/CE61PQ,MTE4,1,0.0,,,,
,9,CE5199,P3,1,0.0,,,,
,10,CE5299,P4,1,0.0,,,,
,,,NAN,1,,,,,
,,,NAN,1,,,,,
,,,NAN,1,,,,,
,,,NAN,1,,,,,
,,,NAN,1,,,,,
,,,NAN,1,,,,,
,,,NAN,1,,,,,
,,,NAN,1,,,,,
,,,NAN,1,,,,,
,,,NAN,1,,,,,
,,,NAN,1,,,,,
NS,1,MA1101,CORE,1,0.0,,,,
NS,1,CS1101,CORE,1,0.0,,,,
NS,1,PH1101/PH1201,CORE,1,0.0,,,,
NS,1,CE1101/CE1201,CORE,1,0.0,,,,
NS,1,EE1101/EE1201,CORE,1,0.0,,,,
NS,1,HS1101,CORE,1,0.0,,,,
NS,2,MA1201,CORE,1,0.0,,,,
NS,2,CS1201,CORE,1,0.0,,,,
NS,2,CH1201/CH1101,CORE,1,0.0,,,,
NS,2,ME1201/ME1101,CORE,1,0.0,,,,
NS,2,ME1202/ME1102,CORE,1,0.0,,,,
NS,2,IK1101,IKS,1,0.0,,,,
NS,3,CS2101,CORE,1,0.0,,,,
NS,3,CS2102,CORE,1,0.0,,,,
NS,3,CS2103,CORE,1,0.0,,,,
NS,3,CS2104,CORE,1,0.0,,,,
NS,3,CS2105,CORE,1,0.0,,,,
NS,4,CS2201,CORE,1,0.0,,,,
NS,4,CS2202,CORE,1,0.0,,,,
NS,4,CS2203,CORE,1,0.0,,,,
NS,4,CS2204,CORE,1,0.0,,,,
NS,4,CS2205,CORE,1,0.0,,,,
NS,5,CS3101,CORE,1,0.0,,,,
NS,5,CS3102,CORE,1,0.0,,,,
NS,5,CS3103,CORE,1,0.0,,,,
NS,5,CS3104,CORE,1,0.0,,,,
NS,6,CS3201,CORE,1,0.0,,,,
NS,6,CS3202,CORE,1,0.0,,,,
NS,6,CS3203,CORE,1,0.0,,,,
NS,6,CS32PQ,BTE_I,1,0.0,,,,
NS,6,CS3299,CORE,1,0.0,,,,
NS,7,CS5101,CORE,1,0.0,,,,
NS,7,CS41PQ,BTE-II,1,0.0,,,,
NS,7,CS41PQ,BTE-III,1,0.0,,,,
NS,7,CS4198,SI,1,0.0,,,,
NS,7,CS4199,P1,1,0.0,,,,
NS,8,CS5201,CORE,1,0.0,,,,
NS,8,CS5202,CORE,1,0.0,,,,
NS,8,CS62PQ,MTE-I,1,0.0,,,,
NS,8,RM6201,RM,1,0.0,,,,
NS,8,CS4299,P2,1,0.0,,,,
NS,9,CS61PQ,MTE-II,1,0.0,,,,
NS,9,CS61PQ,MTE-III,1,0.0,,,,
NS,9,CS61PQ,MTE-IV,1,0.0,,,,
NS,9,CS6190,P3,1,0.0,,,,
NS,10,CS6290,P4,1,0.0,,,,
,,,NAN,1,,,,,
,,,NAN,1,,,,,
,,,NAN,1,,,,,
,,,NAN,1,,,,,
,,,NAN,1,,,,,
,,,NAN,1,,,,,
,,,NAN,1,,,,,
,,,NAN,1,,,,,
,,,NAN,1,,,,,
,,,NAN,1,,,,,
NS,1,MA1101,CORE,1,0.0,,,,
NS,1,CS1101,CORE,1,0.0,,,,
NS,1,PH1101/PH1201,CORE,1,0.0,,,,
NS,1,CE1101/CE1201,CORE,1,0.0,,,,
NS,1,EE1101/EE1201,CORE,1,0.0,,,,
NS,1,HS1101,CORE,1,0.0,,,,
NS,2,MA1201,CORE,1,0.0,,,,
NS,2,CS1201,CORE,1,0.0,,,,
NS,2,CH1201/CH1101,CORE,1,0.0,,,,
NS,2,ME1201/ME1101,CORE,1,0.0,,,,
NS,2,ME1202/ME1102,CORE,1,0.0,,,,
NS,2,IK1101,IKS,1,0.0,,,,
NS,3,EE2101,CORE,1,,,,,
NS,3,EE2102,CORE,1,,,,,
NS,3,EC2101,CORE,1,,,,,
NS,3,EC2102,CORE,1,,,,,
NS,3,EE2103,CORE,1,,,,,
NS,4,EC2201,CORE,1,,,,,
NS,4,EC2202,CORE,1,,,,,
NS,4,EE2201,CORE,1,,,,,
NS,4,EE2202,CORE,1,,,,,
NS,4,EC2204,CORE,1,,,,,
NS,5,EC3101,CORE,1,,,,,
NS,5,EE3101,CORE,1,,,,,
NS,5,EE3102,CORE,1,,,,,
NS,5,EC3104,CORE,1,,,,,
NS,5,EC3105,CORE,1,,,,,
NS,6,EE3201,CORE,1,,,,,
NS,6,EC3202,CORE,1,,,,,
NS,6,EC3203,CORE,1,,,,,
NS,6,EE3202,CORE,1,,,,,
NS,6,EE3203,CORE,1,,,,,
NS,6,EE3204,CORE,1,,,,,
NS,7,EE41xx,BTE1,1,,,,,
NS,7,EE41xx,BTE2,1,,,,,
NS,7,EE4196,SI,1,,,,,
NS,7,EE4197,P1,1,,,,,
NS,7,EE5101,CORE,1,,,,,
NS,8,EE5201,CORE,1,,,,,
NS,8,EE5202,CORE,1,,,,,
NS,8,XX52PQ/XX62PQ,MTE1,1,,,,,
NS,8,EE4297,P2,1,,,,,
NS,8,RM6201,RM,1,,,,,
NS,9,XX52PQ/XX62PQ,MTE2,1,,,,,
NS,9,XX52PQ/XX62PQ,MTE3,1,,,,,
NS,9,XX52PQ/XX62PQ,MTE4,1,,,,,
NS,9,EE5197,P3,1,,,,,
NS,10,EE5297,P4,1,,,,,
,,,NAN,1,,,,,
,,,NAN,1,,,,,
,,,NAN,1,,,,,
,,,NAN,1,,,,,
,,,NAN,1,,,,,
,,,NAN,1,,,,,
,,,NAN,1,,,,,
,,,NAN,1,,,,,
NS,1,MA1101,CORE,1,0.0,,,,
NS,1,CS1101,CORE,1,0.0,,,,
NS,1,PH1101/PH1201,CORE,1,0.0,,,,
NS,1,CE1101/CE1201,CORE,1,0.0,,,,
NS,1,EE1101/EE1201,CORE,1,0.0,,,,
NS,1,HS1101,CORE,1,0.0,,,,
NS,2,MA1201,CORE,1,0.0,,,,
NS,2,CS1201,CORE,1,0.0,,,,
NS,2,CH1201/CH1101,CORE,1,0.0,,,,
NS,2,ME1201/ME1101,CORE,1,0.0,,,,
NS,2,ME1202/ME1102,CORE,1,0.0,,,,
NS,2,IK1101,IKS,1,0.0,,,,
NS,3,EE2101,CORE,1,0.0,,,,
NS,3,EE2102,CORE,1,0.0,,,,
NS,3,EC2101,CORE,1,0.0,,,,
NS,3,EC2102,CORE,1,0.0,,,,
NS,3,EC2103,CORE,1,0.0,,,,
NS,4,EC2201,CORE,1,0.0,,,,
NS,4,EC2202,CORE,1,0.0,,,,
NS,4,EE2201,CORE,1,0.0,,,,
NS,4,EC2203,CORE,1,0.0,,,,
NS,4,EC2204,CORE,1,0.0,,,,
NS,5,EC3101,CORE,1,0.0,,,,
NS,5,EE3102,CORE,1,0.0,,,,
NS,5,EC3103,CORE,1,0.0,,,,
NS,5,EC3104,CORE,1,0.0,,,,
NS,5,EC3105,CORE,1,0.0,,,,
NS,6,EC3201,CORE,1,0.0,,,,
NS,6,EC3202,CORE,1,0.0,,,,
NS,6,EC3203,CORE,1,0.0,,,,
NS,6,EC3204,CORE,1,0.0,,,,
NS,6,EC3205,CORE,1,0.0,,,,
NS,6,EC3206,CORE,1,0.0,,,,
NS,7,EC41XX,BTE1,1,0.0,,,,
NS,7,EC41XX,BTE2,1,0.0,,,,
NS,7,EC4196,SI,1,0.0,,,,
NS,7,EC4197,P1,1,0.0,,,,
NS,7,EC5101,CORE,1,0.0,,,,
NS,8,RM6201,RM,1,0.0,,,,
NS,8,EC5201,CORE,1,0.0,,,,
NS,8,EC5202,CORE,1,0.0,,,,
NS,8,XX52PQ/XX62 PQ,MTE1,1,0.0,,,,
NS,8,EC4297,P2,1,0.0,,,,
NS,9,XX52PQ/XX62 PQ,MTE2,1,0.0,,,,
NS,9,XX52PQ/XX62 PQ,MTE3,1,0.0,,,,
NS,9,XX52PQ/XX62 PQ,MTE4,1,0.0,,,,
NS,9,EC5197,P3,1,0.0,,,,
NS,10,EC5297,P4,1,0.0,,,,
,,,NAN,1,,,,,
,,,NAN,1,,,,,
,,,NAN,1,,,,,
,,,NAN,1,,,,,
,,,NAN,1,,,,,
,,,NAN,1,,,,,
,,,NAN,1,,,,,
,,,NAN,1,,,,,
NS,1,MA1101,CORE,1,0.0,,,,
NS,1,CS1101,CORE,1,0.0,,,,
NS,1,PH1101/PH1201,CORE,1,0.0,,,,
NS,1,CE1101/CE1201,CORE,1,0.0,,,,
NS,1,EE1101/EE1201,CORE,1,0.0,,,,
NS,1,HS1101,CORE,1,0.0,,,,
NS,2,MA1201,CORE,1,0.0,,,,
NS,2,CS1201,CORE,1,0.0,,,,
NS,2,CH1201/CH1101,CORE,1,0.0,,,,
NS,2,ME1201/ME1101,CORE,1,0.0,,,,
NS,2,ME1202/ME1102,CORE,1,0.0,,,,
NS,2,IK1101,IKS,1,0.0,,,,
NS,3,EE2101,CORE,1,0.0,,,,
NS,3,EE2102,CORE,1,0.0,,,,
NS,3,EC2101,CORE,1,0.0,,,,
NS,3,EC2102,CORE,1,0.0,,,,
NS,3,EC2103,CORE,1,0.0,,,,
NS,4,EC2201,CORE,1,0.0,,,,
NS,4,EC2202,CORE,1,0.0,,,,
NS,4,EE2201,CORE,1,0.0,,,,
NS,4,EC2203,CORE,1,0.0,,,,
NS,4,EC2204,CORE,1,0.0,,,,
NS,5,EC3101,CORE,1,0.0,,,,
NS,5,EE3102,CORE,1,0.0,,,,
NS,5,EC3103,CORE,1,0.0,,,,
NS,5,EC3104,CORE,1,0.0,,,,
NS,5,EC3105,CORE,1,0.0,,,,
NS,6,EC3201,CORE,1,0.0,,,,
NS,6,EC3202,CORE,1,0.0,,,,
NS,6,EC3203,CORE,1,0.0,,,,
NS,6,EC3204,CORE,1,0.0,,,,
NS,6,EC3205,CORE,1,0.0,,,,
NS,6,EC3206,CORE,1,0.0,,,,
NS,7,EC41PQ,BTE1,1,0.0,,,,
NS,7,EC41PQ,BTE2,1,0.0,,,,
NS,7,EC4194,SI,1,0.0,,,,
NS,7,EC4195,P1,1,0.0,,,,
NS,7,EC5151,CORE,1,0.0,,,,
NS,8,RM6201,RM,1,0.0,,,,
NS,8,EC5251,CORE,1,0.0,,,,
NS,8,EC5252,CORE,1,0.0,,,,
NS,8,EC52PQ,MTE1,1,0.0,,,,
NS,8,EC4295,P2,1,0.0,,,,
NS,9,EC51PQ/EC61PQ,MTE2,1,0.0,,,,
NS,9,XX51PQ/XX61PQ,MTE3,1,0.0,,,,
NS,9,EC51PQ/EC61PQ,MTE4,1,0.0,,,,
NS,9,EC5195,P3,1,0.0,,,,
NS,10,EC5295,P4,1,0.0,,,,
,,,NAN,1,,,,,
,,,NAN,1,,,,,
,,,NAN,1,,,,,
,,,NAN,1,,,,,
,,,NAN,1,,,,,
,,,NAN,1,,,,,
,,,NAN,1,,,,,
,,,NAN,1,,,,,
NS,1,MA1101,CORE,1,0.0,,,,
NS,1,CS1101,CORE,1,0.0,,,,
NS,1,PH1101/PH1201,CORE,1,0.0,,,,
NS,1,CE1101/CE1201,CORE,1,0.0,,,,
NS,1,EE1101/EE1201,CORE,1,0.0,,,,
NS,2,MA1201,CORE,1,0.0,,,,
NS,2,CS1201,CORE,1,0.0,,,,
NS,2,CH1201/CH1101,CORE,1,0.0,,,,
NS,2,ME1201/ME1101,CORE,1,0.0,,,,
NS,2,ME1202/ME1102,CORE,1,0.0,,,,
NS,2,IK1101,IKS,1,0.0,,,,
NS,3,ME2101,CORE,1,0.0,,,,
NS,3,ME2102,CORE,1,0.0,,,,
NS,3,ME2103,CORE,1,0.0,,,,
NS,3,ME2104,CORE,1,0.0,,,,
NS,4,ME2201,CORE,1,0.0,,,,
NS,4,ME2202,CORE,1,0.0,,,,
NS,4,ME2203,CORE,1,0.0,,,,
NS,4,ME2204,CORE,1,0.0,,,,
NS,5,ME3101 ,CORE,1,0.0,,,,
NS,5,ME3102,CORE,1,0.0,,,,
NS,5,ME3103,CORE,1,0.0,,,,
NS,5,ME3104,CORE,1,0.0,,,,
NS,5,ME3105,CORE,1,0.0,,,,
NS,6,ME3201,CORE,1,0.0,,,,
NS,6,ME3202,CORE,1,0.0,,,,
NS,6,ME3203,CORE,1,0.0,,,,
NS,6,ME3204,CORE,1,0.0,,,,
NS,6,ME3205,CORE,1,0.0,,,,
NS,7,ME4198,SI,1,0.0,,,,
NS,7,MH4199 ,P1,1,0.0,,,,
NS,7,MH5101,CORE,1,0.0,,,,
NS,7,EC5152,CORE,1,0.0,,,,
NS,8,RM6201 ,RM,1,0.0,,,,
NS,8,MH520,CORE,1,0.0,,,,
NS,8,MH5202,CORE,1,0.0,,,,
NS,8,XX62PQ,MTE1,1,0.0,,,,
NS,8,MH4299,P2,1,0.0,,,,
NS,9,ME51XX/ME61XX,MTE2,1,0.0,,,,
NS,9,ME51XX/ME61XX,MTE3,1,0.0,,,,
NS,9,ME51XX/EE51XX,MTE4,1,0.0,,,,
NS,9,MH5199,P3,1,0.0,,,,
NS,10,MH5299 ,P4,1,0.0,,,,
,,,NAN,1,,,,,
,,,NAN,1,,,,,
,,,NAN,1,,,,,
,,,NAN,1,,,,,
,,,NAN,1,,,,,
,,,NAN,1,,,,,
,,,NAN,1,,,,,
,,,NAN,1,,,,,
,,,NAN,1,,,,,
,,,NAN,1,,,,,
NS,1,MA1101,CORE,1,0.0,,,,
NS,1,CS1101,CORE,1,0.0,,,,
NS,1,PH1101/PH1201,CORE,1,0.0,,,,
NS,1,CE1101/CE1201,CORE,1,0.0,,,,
NS,1,EE1101/EE1201,CORE,1,0.0,,,,
NS,2,MA1201,CORE,1,0.0,,,,
NS,2,CS1201,CORE,1,0.0,,,,
NS,2,CH1201/CH1101,CORE,1,0.0,,,,
NS,2,ME1201/ME1101,CORE,1,0.0,,,,
NS,2,ME1202/ME1102,CORE,1,0.0,,,,
NS,2,IK1101,IKS,1,0.0,,,,
NS,3,HS2101,CORE,1,0.0,,,,
NS,3,HS2102,CORE,1,0.0,,,,
NS,3,HS2103,CORE,1,0.0,,,,
NS,3,HS2104,CORE,1,0.0,,,,
NS,3,MA2102,CORE,1,0.0,,,,
NS,4,HS2201,CORE,1,0.0,,,,
NS,4,HS2202,CORE,1,0.0,,,,
NS,4,HS2203,CORE,1,0.0,,,,
NS,4,HS2204,E1,1,0.0,,,,
NS,5,HS3101,E2,1,0.0,,,,
NS,5,HS3102,CORE,1,0.0,,,,
NS,5,HS3103,CORE,1,0.0,,,,
NS,5,HS3104,CORE,1,0.0,,,,
NS,6,HS3201,CORE,1,0.0,,,,
NS,6,HS3202,CORE,1,0.0,,,,
NS,6,HS3203,CORE,1,0.0,,,,
NS,6,HS3204,CORE,1,0.0,,,,
NS,6,HS3205,CORE,1,0.0,,,,
NS,7,HS41**,SE1,1,0.0,,,,
NS,7,HS41**,SE2,1,0.0,,,,
NS,7,HS4198,SI,1,0.0,,,,
NS,7,HS4199,P1,1,0.0,,,,
NS,8,HS42**,SE3,1,0.0,,,,
NS,8,HS42**,SE4,1,0.0,,,,
NS,8,HS4299,P2,1,0.0,,,,
,,,NAN,1,,,,,
,,,NAN,1,,,,,
,,,NAN,1,,,,,
,,,NAN,1,,,,,
,,,NAN,1,,,,,
,,,NAN,1,,,,,
,,,NAN,1,,,,,
,,,NAN,1,,,,,
,,,NAN,1,,,,,
,,,NAN,1,,,,,
,,,NAN,1,,,,,
,,,NAN,1,,,,,
,,,NAN,1,,,,,
,,,NAN,1,,,,,
,,,NAN,1,,,,,
,,,NAN,1,,,,,
,,,NAN,1,,,,,
