Parent Department,Course,Specialization,Minor Offered in,Roll Number,Sem 1,Sem 2,Sem 3,Sem 4,Sem 5,Sem 6,Sem 7,Sem 8,Sem 9,Sem 10,Sem 11,Sem 12
Civil Engineering,Btech,Civil Engineering,,2401CE,"C,C,C,C,C,HS1","C,C,C,C,C,IKS","C,C,C,C,HS1",,,,"DE1,DE2,IDE3,HS2,SI,C",,,,,
Computer Science and Engineering,Btech,Computer Science and Engineering,Computer Science and Engineering,2401CS,"C,C,C,C,C,HS1","C,C,C,C,C,IKS","C,C,C,C,C,HS1","C,C,C,C,C,IDE1","C,C,C,C,IDE2","C,C,C,C,DE1","DE2,DE3,IDE3,HS2,SI,P1","DE4,DE5,DE6,P2",,,,
Computer Science and Engineering,Btech,AI&DS,AI&DS,2401AI,"C,C,C,C,C,HS1","C,C,C,C,C,IKS","C,C,C,C,C,HS1","C,C,C,C,C,IDE1","C,C,C,C,IDE2","C,C,C,C,DE1","DE2,DE3,IDE3,HS2,SI,P1","DE4,DE5,DE6,P2",,,,
Chemical and Biochemical Engineering,Btech,Chemical and Biochemical Engineering,Chemical Engineering,2401CB,"C,C,C,C,C,HS1","C,C,C,C,C,IKS","C,C,C,C,C,HS1","C,C,C,C,C,IDE1","C,C,C,C,C,IDE2","C,C,C,C,C,DE1","DE2,DE3,ID3,HS2,SI,P1","DE4,DE5,DE6,P2",,,,
Civil and Environmental Engineering,Btech,B. Tech. in Civil Engineering and Minor in Infrastructure Engineering,Infrastructure Engineering,2401CE,"C,C,C,C,C,HS1","C,C,C,C,C,IKS","C,C,C,C,HS1","C,C,C,C,C,IDE1","C,C,C,C,IDE2","C,C,C,C,C,C","DE1,DE2,IDE3,HS2,SI,P1","DE3,DE4,DE5,P2",,,,
Chemistry,Btech,Chemical Science and Technology,CST,2401CT,"C,C,C,C,C,HS1","C,C,C,C,C,IKS","C,C,C,C,C,HS1","C,C,C,C,C,IDE1","C,C,C,C,C,IDE2","C,C,C,C,C,DE1","DE2,DE3,IDE3,HS2,SI,P1","DE4,DE5,DE6,P2",,,,
Electrical Engineering,Btech,Electrical and Electronics Engineering,,2401EE,"C,C,C,C,C,HS","C,C,C,C,C,IKS","C,C,C,C,C,HS1","C,C,C,C,C,IDE1","C,C,C,C,C,IDE2","C,C,C,C,C,C","DE1,DE2,HS2,IDE3,SI,P1","DE3,DE4,DE5,P2",,,,
Mathematics,Btech,Mathematics & Computing,,2401MC,"C,C,C,C,C,HS1","C,C,C,C,C,IKS","C,C,C,C,C,HS1","C,C,C,C,C,IDE1","C,C,C,C,C,IDE2","C,C,C,C,C,C","DE1,DE2,HS2,IDE3,SI,P1","DE3,DE4,DE5,P2",,,,
Electrical Engineering,BTech,Electronics and Communication Engineering,Communication,2401EC,"C,C,C,C,C,HS","C,C,C,C,C,IKS","C,C,C,C,C,HS1,m1","C,C,C,C,C,IDE1,m2","C,C,C,C,C,IDE2,m3","C,C,C,C,C,C,m4","DE1,DE2,IDE3,HS2,SI,P1","DE3,DE4,DE5,P2",,,,
MSE,Btech,Metallurgical and Materials Engineering,MME,2401MM,"C,C,C,C,C,HS1","C,C,C,C,C,IKS","C,C,C,C,C,HS1,m1","C,C,C,C,C,IDE1,m2","C,C,C,C,C,C,IDE2,m3","C,C,C,C,C,C,C,m4","DE1,DE2,HS2,IDE3,SI,P1","E3,E4,E5,P2",,,,
HSS,,Bachelor of Science (Economics),,2401ES,"C,C,C,C,C,HS1","C,C,C,C,C,IKS",,,,,,,,,,
Mechanical Engineering,Btech,Mechanical Engineering,Thermal Engineering,2401ME,"C,C,C,C,C,HS1","C,C,C,C,C,IKS","C,C,C,C,HS1,m1","C,C,C,C,IDE1, m2","C,C,C,C,C,IDE2, m3","C,C,C,C,C,m4","DE1,DE2,IDE3,HS2,SI,P1","DE3,DE4,DE5,P2",,,,
"Engineering Physics and Minors in Physics, Nanoscience, Optics,  Energy Storage Technology, Quantum Technology",Btech,"Engineering Physics and Minors in Physics, Nanoscience, Optics,  Energy Storage Technology, Quantum Technology","Physics, Nanoscience, Optics,  Energy Storage Technology, Quantum Technology",NS,"C,C,C,C,C,HS1","C,C,C,C,C,IKS","C,C,C,C,HS1","C,C,C,C,C,IDE1","C,C,C,C,C,IDE2","C,C,C,C, DE1, DE2","C, DE3, HS2, IDE3, S1, P1","DE4, DE5, DE6, DE7, P2",,,,
Civil and Environmental Engineering,Mtech,Geotechnical Engineering,,2411CE,"C,C,C,C,DE1,DE2,IDE","C,C,C,DE3,DE4,RM,IKS","SI,P1",P2,,,,,,,,
Civil and Environmental Engineering,Mtech,Transportation Engineering,,2411CE,"C,C,C,DE1,DE2,IDE,HS1","C,C,C,DE3,DE4,RM,IKS","SI,P1",P2,,,,,,,,
Civil and Environmental Engineering,Mtech,Structural Engineering,,2411CE,"HS1,C,C,C,DE1,DE2,IDE1","C,C,DE3,DE4,RM,IKS","SI,P1",P2,,,,,,,,
Civil and Environmental Engineering,Mtech,Civil Engineering,,2411CE,"C,C,DE1,DE2,DE3,HS1,C,IDE1","C,C,DE4,DE5,DE6,C,RM,IKS","SI,P1",P2,,,,,,,,
Civil and Environmental Engineering,M. Tech,Artificial Intelligence,,2411AI,"C,C,DE1,DE2,HS1,C,IDE1","C,C,DE3,DE4,DE5,RM,C,IKS","SI,P1",P2,,,,,,,,
Civil and Environmental Engineering,M. Tech,Environmental Engineering,,2411CE,"HS,C,C,C,DE1,DE2,IDE","C,C,C,DE3,DE4,RM,IKS","SI,P1",P2,,,,,,,,
Computer Science & Engineering,M.Tech,Artifical Intelligence,,2411AI,"C,C,C,C,DE1,DE2,HS","C,C,C, DE3,DE4, DE5, RM,IKS","SI,P1",P2,,,,,,,,
Computer Science & Engineering,M.Tech,Computer Science & Engineering,,2411CS,"C,C,C,C,DE1,DE2,HS","C,C,C,C,DE3,DE4,RM,IKS","SI,P1",P2,,,,,,,,
Electrical Engineering,Mtech,Communication System and Signal Processing (CSSP),,2411EE,"C,C,C,DE1,DE2,IDE,HS","C,C,DE3,DE4,DE5,RM,IKS","SI,P1",P2,,,,,,,,
Electrical Engineering,Mtech,Power and Control Systems (P&CS),,2411EE,"C,C,C,DE1,DE2,IDE,HS","C,C,DE3,DE4,DE5,RM,IKS","SI,P1",P2,,,,,,,,
Electrical Engineering,Mtech,VLSI and Embedded Systems,,2411EE,"HS,C,C,C,DE1,DE2,IDE","C,C,DE3,DE4,DE5,RM,IKS","SI,P1",P2,,,,,,,,
Chemical and Biochemical Engineering,Mtech,Chemical Engineering,,2411CB,"C,C,C,C,DE1,DE2,IDE","C,C,C,DE3,DE4,RM,IKS","SI,P1",P2,,,,,,,,
Mechanical Engineering,Mtech,Advanced Manufacturing Technology,,2411ME,"C,C,C,C,DE1,DE2,IDE","C,C,C,DE3,DE4,RM,IKS","SI,P1",P2,,,,,,,,
Mechanical Engineering,Mtech,Mechanical Design,,2411ME,"HS1,C,C,C,DE1,DE2,C,IDE1","C,C,C,DE3,DE4,RM,C,IKS","SI,P1",P2,,,,,,,,
Mechanical Engineering,Mtech,Thermal and Fluids Engineering,,2411ME,"HS1,C,C,C,C,DE1,DE2,IDE1","C,C,C,DE3,DE4,DE5,RM,IKS","SI,P1",P2,,,,,,,,
Mechanical Engineering,Mtech,Mechatronics,,2411MT,"HS1,C,C,C,DE1,DE2,C,IDE1","C,C,DE3,DE4,DE5,RM,C,IKS","SI,P1",P2,,,,,,,,
Metallurgical and Materials Engineering,Mtech,Materials Science and Engineering,,2411MM,"HS1,C,C,C,C,DE1,IDE","C,C,DE2,DE3,DE4,RM,IKS","SI,P1",P2,,,,,,,,
"Physics
",M.Sc.,"Physics
",,2412PH,"C,C,C,C,C,HS","C,C,C,C,DE1","C,C,C,P1,DE2,IDE1","C,P2,DE3,DE4,IDE2,IKS",,,,,,,,
Chemistry,M.Sc.,Chemistry,,2412CH,"C,C,C,C,C,C,HS1","C,C,C,C,C,C","C,C,C,P1,DE1,IDE1","C,P2,DE2,IDE2,IKS",,,,,,,,
Mathematics,M.Sc.,Mathematics,,2412MA,"C,C,C,C,C,HS","C,C,C,C,C","C,C,C,DE1,IDE1,P1","DE2,DE3,DE4,IDE2,P2,IKS",,,,,,,,
Civil and Environmental Engineering,Btech + Mtech,Structural Engineering Dual Degree,,2402ST,"C,C,C,C,C,HS1","C,C,C,C,C,IKS","C,C,C,C,HS1,","C,C,C,C,C,IDE1","C,C,C,C,IDE2","C,C,C,C,C,C","BTE1,BTE2,IDE3,HS2,SI,P1,C","C,C,RM,MTE1,P2","MTE2,MTE3,MTE4,P3",P4,,
Civil and Environmental Engineering,Btech + Mtech,Mtech Geotechnical Engineering Dual Degree,,2402GT,"C,C,C,C,C,HS1","C,C,C,C,C,IKS","C,C,C,C,HS1","C,C,C,C,C,IDE1","C,C,C,C,IDE2","C,C,C,C,C,C","BTE1,BTE2,IDE3,HS2,SI,P1,C","C,C,RM,MTE1,P2","MTE2,MTE3,MTE4,P3",P4,,
Mechanical Engineering,Btech + Mtech,Mechanical Engineering and Mechatronics,,2402MT,"C,C,C,C,C,HS","C,C,C,C,C,IKS","C,C,C,C,HS1","C,C,C,C,IDE1","C,C,C,C,C,IDE2","C,C,C,C,C","C,C,DE1,DE2,IDE3,HS2,SI,P1","C,C,RM,MTE1,P2","MTE2,MTE3,MTE4,P3",P4,,
Economics,Bs,Economics,,2401ES,"C,C,C,C,C,HS1","C,C,C,C,C,IKS","C,C,HS1,C,C,C","C,C,C,E1,IDE1","E2,C,C,C,IDE2","C,C,C,C,C","SE1,SE2,HS2,IDE3,SI,P1","SE3,SE4,P2",,,,
Mathematics,M.Tech,M. Tech. in Mathematics and Computing,,2411MC,"HS,C,C,DE,DE,DE,IDE","C,C,DE,DE,DE,RM,IK","C,C",C,,,,,,,,
Department of Civil and Environmental Engineering,M.Tech,M. Tech. in Rock Engineering for Infrastructure Development,,2411CE,"HS,C,C,C,DE1,DE2,IDE","C,C,C,DE3,DE4,RM,IKS","SI,P1",P2,,,,,,,,
Computer Science And Engineering,Btech + Mtech,Computer Science And Engineering,,2402CS,"C,C,C,C,C,HS1","C,C,C,C,C,IKS","C,C,C,C,C,HS1","C,C,C,C,C,IDE1","C,C,C,C,IDE2","C,C,C,C,BTE1","C,BTE2,BTE3,IDE3,HS2,SI,P1","C,C,MTE1,RM,P2","MTE2,MTE3,MTE4,P3",P4,,
Communication System and Signal Processing (CSSP),BTech+Mtech,Dual Degree in Communication System and Signal Processing (CSSP),,2402CM,"C,C,C,C,C,HS1","C,C,C,C,C,IKS","C,C,C,C,C,HS1","C,C,C,C,C,IDE1","C,C,C,C,IDE2","C,C,C,C,C,C","C,C,IDE3,HS2,SI,P1,C","RM,C,C,MTE1,P2","MTE2,MTE3,MTE4,P3",P4,,
Electrical and Electronics Engineering (EEE),BTech + MTech,B. Tech. in Electrical and Electronics Engineering (EEE) and M. Tech. in Power and Control System,,2402PW,"C,C,C,C,C,HS1","C,C,C,C,C,IKS","C,C,C,C,C,HS1","C,C,C,C,C,IDE1","C,C,C,C,C,IDE2","C,C,C,C,C,C","BTE1,BTE2,HS2,IDE3,SI,P1,C","C,C,MTE1,P2,RM","MTE2,MTE3,MTE4,P3",P4,,
 Transportation Engineering,BTech + MTech,B. Tech. – M. Tech. Dual Degree in Transportation Engineering,,NS,,,,,,,"C,C,C,HS2, IDE3, SI,P1","C,C,MTE1,RM,P2","MTE1, MTE2, MTE3, P3",P4,,
Electrical Engineering,BTech + Mtech,B. Tech. in Electronics and Communication Engineering (ECE) and M. Tech. in VLSI and Embedded Systems,,2402VL,"C,C,C,C,C,HS1","C,C,C,C,C,IKS","C,C,C,C,C,HS1","C,C,C,C,C,IDE1 ","C,C,C,C,C,IDE2 ","C,C,C,C,C,C ","BTE1,BTE2,IDE3,HS2,SI,P1,C","RM,C,C,MTE1,P2","MTE2,MTE3,MTE4,P3",P4,,
