Course Code,Course Name,LTP,Credit,Type
CB3211,Catalysis Science and Engineering,3-0-0,3.0,DE1
CB3212,Biopharmaceutical Downstream Processing,3-0-0,3.0,DE1
CB3213,Material Science and Engineering,3-0-0,3.0,DE1
CB3214, Introduction to Microfluidics Technology,3-0-0,3.0,DE1
CB4111,Industrial Pollution Control,3-0-0,3.0,DE2
CB4112,Introduction to Computational Biology,3-0-0,3.0,DE2
CB4113,Molecular Modeling and Simulation,3-0-0,3.0,DE2
CB4114,Electrochemical Energy Systems,3-0-0,3.0,DE3
CB4115,Fertilizer Technology,3-0-0,3.0,DE3
CB4116,Nanomaterials,3-0-0,3.0,DE3
CB4117, Combustion Engineering and Technology,3-0-0,3.0,DE3
CB4211,Membrane Separation,3-0-0,3.0,DE4
CB4212,Energy Storage: Technologies and Applications,3-0-0,3.0,DE4
CB4213,Process Integration,3-0-0,3.0,DE4
CB4214,Renewable Energy Sources,3-0-0,3.0,DE5
CB4215,Advanced Separation Processes,3-0-0,3.0,DE5
CB4216,Fluidization Engineering,3-0-0,3.0,DE5
CB4217,Energy Management,3-0-0,3.0,DE6
CB4218,Heterogeneous Catalysis: Fundamentals and Applications,3-0-0,3.0,DE6
CB4219,Polymer Science and Technology,3-0-0,3.0,DE6
CB4220,Petroleum Refinery Engineering,3-0-0,3.0,DE6
CB2280,Environmental Science and Engineering,3-0-0,3.0,IDE1
CB3180,Introduction to Sustainable Engineering,3-0-0,3.0,IDE2
CB4180,Bioprocess Engineering,3-0-0,3.0,IDE3
CE2290,Construction Technology and Management,3-0-0,3.0,IDE1
CE3190,Green Building,3-0-0,3.0,IDE2
CE4190,Smart Transportation,3-0-0,3.0,IDE3
CE4191,Industrial Pollution and Control,3-0-0,3.0,IDE3
CE4101,Introduction to Bridge Engineering,3-0-0,3.0,DE1
CE4102,Prestressed and Precast Concrete Structures,3-0-0,3.0,DE1
CE4103,Fundamentals of Solid Mechanics,3-0-0,3.0,DE1
CE4104,Matrix Method for Structural Analysis,3-0-0,3.0,DE1
CE4105,Stochastic Hydrology,3-0-0,3.0,DE2
CE4106,Irrigation Engineering and Hydraulic Structures,3-0-0,3.0,DE2
CE4107,Elementary Soil Behaviour,3-0-0,3.0,DE2
CE4108,Fundamentals of Geoenvironmental Engg.,3-0-0,3.0,DE2
CE4109,Biogeotechnical Engineering,3-0-0,3.0,DE2
CE4110,Pavement Geotechnology,3-0-0,3.0,DE2
CE4201,Elements of Remote Sensing and GIS,3-0-0,3.0,DE3
CE4202,Introduction to Soil Structure Interaction,3-0-0,3.0,DE3
CE4203,Introduction to Underground Excavation,3-0-0,3.0,DE3
CE4204,Multiphysical Processes in fractured rocks,3-0-0,3.0,DE3
CE4205,Rock Engineering for Hydropower Projects,3-0-0,3.0,DE3
CE4206,Fundamentals of Forensic Geotech Engineering,3-0-0,3.0,DE3
CE4207,Ground Improvement for Civil Engineering Structures,3-0-0,3.0,DE3
CE4208,Solid Waste Engineering,3-0-0,3.0,DE4
CE4209,Air Pollution Engineering,3-0-0,3.0,DE4
CE4210,Introduction to Geotechnical Earthquake Engineering,3-0-0,3.0,DE5
CE4211,Structural Dynamics and Earthquake Engineering,3-0-0,3.0,DE5
CE4212,Rehabilitation of Structures,3-0-0,3.0,DE5
CE4213,Introduction to Structural Health Monitoring,3-0-0,3.0,DE5
CH3206,Metal Ions in Chemical Biology,3-0-0,3.0,DE1
CH3207,Petroleum and Petrochemicals,3-0-0,3.0,DE1
CH4107,Drug Design and Development,3-0-0,3.0,DE2
CH4108,"Dyes, Paints and Pigments",3-0-0,3.0,DE2
CH4109,Group Theory and Spectroscopy,3-0-0,3.0,DE3
CH4110,Application of Statistical Mechanics in Chemistry.,3-0-0,3.0,DE3
CH4207,Catalysis,3-0-0,3.0,DE4
CH4208,Colloids and Interface Chemistry,3-0-0,3.0,DE4
CH4209,Food Chemistry,3-0-0,3.0,DE5
CH4210,Green and Sustainable Chemistry,3-0-0,3.0,DE5
CH4211,Materials Chemistry,3-0-0,3.0,DE6
CH4212,Organic Semiconductors: Fundamentals to Applications,3-0-0,3.0,DE6
CS2209,Introduction to Data Science,3-0-3,3.0,IDE1
CS3109,Computer Graphics,3-0-0,3.0,IDE2
CS4109,Data Analysis and Visualization,3-0-0,3.0,IDE3
CS3221,Object-Oriented Programming,3-0-0,3.0,DE1
CS3222,Agile Computing,3-0-0,3.0,DE1
CS3223,Software Engineering,3-0-0,3.0,DE1
CS3224,Bayesian Data Analysis,3-0-0,3.0,DE1
CS3225,Data Mining,3-0-0,3.0,DE1
CS3226,Information Retrieval,3-0-0,3.0,DE1
CS4121,Pattern Recognition,3-0-0,3.0,DE2
CS4122,Principles of Programming Languages,3-0-0,3.0,DE2
CS4123,Social Networks,3-0-0,3.0,DE2
CS4124,Multimedia System,3-0-0,3.0,DE2
CS4126,Nature Inspired Algorithms,3-0-0,3.0,DE2
CS4127,Graph Machine Learning,3-0-0,3.0,DE3
CS4128,Bioinformatics,3-0-0,3.0,DE3
CS4129,Time Series Analysis,3-0-0,3.0,DE3
CS4131,Computational Data Analysis,3-0-0,3.0,DE3
CS4132,Blockchain Technology,3-0-0,3.0,DE3
CS4133,Evolutionary Computing,3-0-0,3.0,DE3
CS4221,Multivariate Analysis,3-0-0,3.0,DE4
CS4222,Generative AI,3-0-0,3.0,DE4
CS4223,Statistical Machine Learning,3-0-0,3.0,DE4
CS4224,Text Mining,3-0-0,3.0,DE4
CS4226,Cloud Computing,3-0-0,3.0,DE5
CS4227,Quantum Computing,3-0-0,3.0,DE5
CS4228,Drone Data Processing,3-0-0,3.0,DE5
CS4229,Edge Computing,3-0-0,3.0,DE5
CS4230,Wireless Networks,3-0-0,3.0,DE5
CS4233,Computer Security,3-0-0,3.0,DE6
CS4234,Cryptography,3-0-0,3.0,DE6
CS4235,Big Data Analytics,3-0-0,3.0,DE6
CS4236,Computer Forensics,3-0-0,3.0,DE6
CS4125,Program Analysis and Verification,3-0-0,3.0,DE2
CS4130,Advanced Graph Theory,3-0-0,3.0,DE3
CS4225,Combinatorial optimization,3-0-0,3.0,DE4
CS4231,Distributed Computing,3-0-0,3.0,DE5
CS4232,Parallel Computing,3-0-0,3.0,DE5
EC4101,Introduction to Quantum Computing,3-0-0,3.0,DE1
EC4102,Deep Learning for Video Surveillance Systems,3-0-0,3.0,DE1
EC4103,FPGA based System Design,3-0-0,3.0,DE1
EC4104,Introduction to Information Theory,3-0-0,3.0,DE2
EC4105,Digital Image Processing,3-0-0,3.0,DE2
EC4106,Graph Signal Processing,3-0-0,3.0,DE2
EC4201,Mobile Communications,3-0-0,3.0,DE3
EC4202,Opto Electronic Devices,3-0-0,3.0,DE3
EE4203,Introduction to Energy Storage Techniques,3-0-0,3.0,DE3
EC4203,Introduction to Optical Communications,3-0-0,3.0,DE4
EC4204,Low Power Circuits,3-0-0,3.0,DE4
EE4206,Fundamentals of Electrical Vehicle Technology,3-0-0,3.0,DE4
EC4205,Biomedical Signal Processing,3-0-0,3.0,DE5
EC4206,High Power Semiconductor Devices,3-0-0,3.0,DE5
EC4207,Biomedical Instrumentation,3-0-0,3.0,DE5
EE4101,Electrical Traction and Propulsion,3-0-0,3.0,DE1
EE4102,Power System Reliability,3-0-0,3.0,DE2
EE4201,Power      System Protection,3-0-0,3.0,DE3
EE4202,Digital     Control Systems,3-0-0,3.0,DE3
EE4204,Special       Electrical Machines,3-0-0,3.0,DE4
EE4205,High          Voltage Engineering,3-0-0,3.0,DE4
MA4111,Advanced Algorithms,3-0-0,3.0,DE1
MA4112,Cryptography and Network Security,3-0-0,3.0,DE1
MA4113,Rings and Modules,3-0-0,3.0,DE1
MA4114,Deep Learning,2-0-2,3.0,DE2
MA4115,Fields and Galois theory,3-0-0,3.0,DE2
MA4116,Mathematical Finance,3-0-0,3.0,DE2
MA4211,Control Theory,3-0-0,3.0,DE3
MA4212,Finite Element Analysis,3-0-0,3.0,DE3
MA4213,Introduction to Coding Theory,3-0-0,3.0,DE3
MA4214,Portfolio Theory and Risk Management,3-0-0,3.0,DE3
MA4215,Topology,3-0-0,3.0,DE3
MA4216,Differential Geometry,3-0-0,3.0,DE4
MA4217,Introduction to Mathematical Biology,3-0-0,3.0,DE4
MA4218,Statistical Decision Theory,3-0-0,3.0,DE4
MA4220,Deep Learning for Computer Vision,2-0-2,3.0,DE5
MA4221,Discrete Differential Geometry,3-0-0,3.0,DE5
MA4222,Integral Equations and Calculus of Variations,3-0-0,3.0,DE5
MA2251,Introduction to Numerical Methods,3-0-0,3.0,IDE1
MA2252,Complex Analysis,3-0-0,3.0,IDE1
MA3151,An Introduction to Computational Commutative Algebra,3-0-0,3.0,IDE2
MA3152,Partial Differential Equations,3-0-0,3.0,IDE2
MA4151,Number Theory and Algebra,3-0-0,3.0,IDE3
MA4152,Mathematical Relativity,3-0-0,3.0,IDE3
ME4101,Tribology and Surface Engineering,3-0-0,3.0,DE1
ME4102,Basics of Computational Fluid Dynamics,3-0-0,3.0,DE1
ME4104,Industrial Automation,3-0-0,3.0,DE1
ME4105,Vehicle Dynamics,3-0-0,3.0,DE2
ME4106,Mathematical Modelling of Computer Aided Design,3-0-0,3.0,DE2
ME4107,Energy Engineering,3-0-0,3.0,DE2
ME4201,Finite Element Method,3-0-0,3.0,DE3
ME4202,Refrigeration and Cryogenics,3-0-0,3.0,DE3
ME4203,"Mechanics, Processing and failure of Composite Materials",3-0-0,3.0,DE3
ME4204,Mechanical Characterization of Materials,3-0-0,3.0,DE4
ME4205,Internal Combustion Engines,3-0-0,3.0,DE4
ME4206,Micro-manufacturing,3-0-0,3.0,DE4
ME4207,Energy Methods and Variational Principles in Applied Mechanics,3-0-0,3.0,DE5
ME4208,Failure Analysis of Engineering Material,3-0-0,3.0,DE5
ME4209,Hydraulic Machines,3-0-0,3.0,DE5
ME2205,Manufacturing Processes for Metallic Materials,3-0-0,3.0,IDE1
ME3106,Automotive Technology,3-0-0,3.0,IDE2
ME4103,Nonlinear Dynamics and Chaos,3-0-0,3.0,IDE3
CE5217,Geoinformatics for Engineers,3-0-0,3.0,DE2
CE6206,Geotechnical Earthquake Engineering,3-0-0,3.0,DE2
CE6207,Soil-Structure Interaction Analysis,3-0-0,3.0,DE2
CE6209,Coupled Process in Fractured Geological Media,3-0-0,3.0,DE2
CE6210,Ground Improvement Techniques,3-0-0,3.0,DE2
CE6213,Design of Underground Excavations,3-0-0,3.0,DE2
CE6215,Forensic Geotechnical Engineering,3-0-0,3.0,DE2
CE6217,Advanced Steel Design,3-0-0,3.0,DE2
CE6218,Finite Element Method,3-0-0,3.0,DE2
CE6219,Structural Health Monitoring,3-0-0,3.0,DE2
CE6220,Condition Assessment and Retrofitting of Structures,3-0-0,3.0,DE2
CE6223,"Uncertainty, Risk and Reliability Analyses in Civil Engineering",3-0-0,3.0,DE2
CE6224,Nonlinear Structural Mechanics,3-0-0,3.0,DE2
CE6225,Theory of Random Vibration,3-0-0,3.0,DE2
CE6226,Analysis of Structural Stability,3-0-0,3.0,DE2
CE6117,Masonry Structures,3-0-0,3.0,DE3
CE6118,Wind Analysis and Design of Structures,3-0-0,3.0,DE3
CE6119,Special Topics in Structural Analysis,3-0-0,3.0,DE3
CE6120,Analysis Plates and Shells Structure,3-0-0,3.0,DE3
CE6115,Advanced Structural Mechanics,3-0-0,3.0,DE3
CE6116,Bridge Engineering and Design,3-0-0,3.0,DE3
CE6121,Prestressed Concrete Structure: Theory & Design,3-0-0,3.0,DE3
CE6122,Advanced Concrete Technology,3-0-0,3.0,DE3
CE6123,Structural Fire Engineering,3-0-0,3.0,DE3
CE6130,Analytical Methods in Civil Engineering,3-0-0,3.0,DE3
CE6106,Soil Dynamics,3-0-0,3.0,DE3
CE6107,Rock Slope Engineering,3-0-0,3.0,DE3
CE6108,Constitutive Modelling in Geotechnics,3-0-0,3.0,DE3
CE6111,Rock Mechanics,3-0-0,3.0,DE3
CE6113,Pavement Geotechnics,3-0-0,3.0,DE3
CE6114,Probabilistic Methods in Geotechnical Engineering,3-0-0,3.0,DE3
CE6128,Highway Geometric Design and Safety,3-0-0,3.0,DE3
CE6129,Airport Engineering,3-0-0,3.0,DE3
PH3230,Engineering Optics,3-0-0,3.0,DE1 and DE1I
PH3231,Laser Physics,3-0-0,3.0,DE1 and DE1I
PH3232,Cryogenic Engineering,3-0-0,3.0,DE1 and DE1I
PH3233,Advanced Quantum Mechanics,3-0-0,3.0,DE1 and DE1I
PH3234,Advanced Mathematical Methods,2-1-0,3.0,DE1 and DE1I
PH3235,Electron Microscopy,3-0-0,3.0,DE1 and DE1I
PH3236,Quantum Computation,2-1-0,3.0,DE1 and DE1I
PH3237,Device Modeling and Design,2-1-0,3.0,DE1 and DE1I
PH3238,Power Sources for Electric Vehicles,3-0-0,3.0,DE1 and DE1I
PH4132,Thin Film Technology,2-1-0,3.0,DE1 and DE1I
PH4232,Thin Film Technology,2-1-0,3.0,DE1 and DE1I
PH4135,X-ray and Applications,3-0-0,3.0,DE1II to DE5II
PH4235,X-ray and Applications,3-0-0,3.0,DE1II to DE5II
PH4136,Optical Quantum Communication,3-0-0,3.0,DE1II to DE5II
PH4236,Optical Quantum Communication,3-0-0,3.0,DE1II to DE5II
PH4137,Nanogenerators and Application in self- powered system,3-0-0,3.0,DE1II to DE5II
PH4237,Nanogenerators and Application in self- powered system,3-0-0,3.0,DE1II to DE5II
PH4138,Medical Physics and Applications,2-1-0,3.0,DE1II to DE5II
PH4238,Medical Physics and Applications,2-1-0,3.0,DE1II to DE5II
PH4139,Superconducting Qubits: Fundamentals and Operation,2-1-0,3.0,DE1II to DE5II
PH4239,Superconducting Qubits: Fundamentals and Operation,2-1-0,3.0,DE1II to DE5II
PH4140,Atomtronics & Quantum Technology,3-0-0,3.0,DE1II to DE5II
PH4240,Atomtronics & Quantum Technology,3-0-0,3.0,DE1II to DE5II
PH4141,Emerging Technologies in Photonics,3-0-0,3.0,DE1II to DE5II
PH4241,Emerging Technologies in Photonics,3-0-0,3.0,DE1II to DE5II
PH4142,Modeling Complex Systems,2-1-0,3.0,DE1II to DE5II
PH4242,Modeling Complex Systems,2-1-0,3.0,DE1II to DE5II
PH4143,Computational methods for classical and quantum physics,2-1-0,3.0,DE1II to DE5II
PH4243,Computational methods for classical and quantum physics,2-1-0,3.0,DE1II to DE5II
PH4144,AC Network Analysis,2-1-0,3.0,DE1II to DE5II
PH4244,AC Network Analysis,2-1-0,3.0,DE1II to DE5II
PH4146,Photovoltaics: Concepts and Applications,3-0-0,3.0,DE1II to DE5II
PH4246,Photovoltaics: Concepts and Applications,3-0-0,3.0,DE1II to DE5II
PH2290,Fundamentals of Electromagnetism PH2291-Waves and Particles,3-0-0,3.0,IDE1
EP2206,Fuel cell fundamentals,3-0-0,3.0,IDE1
PH3190,Mechanics in Physics EP3106-Energy materials processing,3-0-0,3.0,IDE2
PH4190,Photovoltaics and Fuel Cell Technology PH6190-Physics of complex systems,3-0-0,4.0,IDE3
PH6191,Physics of Nanoscience,3-0-0,5.0,IDE3
PH6192,Semiconductor Processing: An Interdisciplinary approach,3-0-0,6.0,IDE3
CB6101,Principles of Electrochemical Engineering,3-0-0,3.0,DE1
CB6102,Molecular Simulations: Principles & Applications,3-0-0,3.0,DE1
CB6103,Nucleation and Crystallization Phenomena,3-0-0,3.0,DE1
CB6104,Preparative Chromatography,3-0-0,3.0,DE1
CB6105,CO2 Capture and Utilization,3-0-0,3.0,DE1I
CB6106,Biological Wastewater Treatment,3-0-0,3.0,DE1I
CB6107,Principles of Polymer Processing,3-0-0,3.0,DE1I
CB6108,Artificial Intelligence in Chemical Engineering,3-0-0,3.0,DE1I
CB6201,Photoelectrochemical and Photocatalytic Processes,3-0-0,3.0,DE1II
CB6202,Colloids and Interfacial Engineering,3-0-0,3.0,DE1II
CB6203,"Climate Change, Sustainability, and Engineering",3-0-0,3.0,DE1II
CB6204,Advanced Numerical Methods in Chemical Engineering,3-0-0,3.0,DE1II
CB6205,Optimization for Chemical Engineers,3-0-0,3.0,DE1V
CB6206,Molecular Theory of Solutions,3-0-0,3.0,DE1V
CB6207,Non-Newtonian Fluid Dynamics and Rheology,3-0-0,3.0,DE1V
CB6208,Systematic Design of Chemical Processes,3-0-0,3.0,DE1V
CB6209,Design of Experiments for Chemical Engineers,3-0-0,3.0,DE1V
CE6101,Atmospheric Physics and Chemistry,3-0-0,3.0,DE1
CE6102,"Sampling,     Analytical     Methods,     and Statistics for Environmental Engineering",3-0-0,3.0,DE1
CE6103,Environmental    Toxicology    and    Risk Assessment,3-0-0,3.0,DE1
CE6104,Environmental Hydraulics,3-0-0,3.0,DE1
CE6105,Atmospheric Science and Climate Change,3-0-0,3.0,DE1
CE6109,Geoenvironmental Engineering,3-0-0,3.0,DE2
CE5117,Water Resources Management,3-0-0,3.0,DE2
CE6131,Sustainability of Water Resources System,3-0-0,3.0,DE2
CE6201,E-waste Management for Circular Economy,3-0-0,3.0,DE3
CE6202,Industrial Pollution Control and Prevention,3-0-0,3.0,DE3
CE6203,Water Supply and Sewerage Network Design,3-0-0,3.0,DE3
CE6204,Design of Water and Wastewater Treatment Facilities,3-0-0,3.0,DE3
CE6205,Advanced Water and Wastewater Engineering,3-0-0,3.0,DE3
CE5218,Groundwater Hydrology,3-0-0,3.0,DE4
CE5219,Open Channel Hydraulics,3-0-0,3.0,DE4
CE6232,Porous Media Flow: Advanced topics,3-0-0,3.0,DE4
CE6208,Mine Wastes Generation and Management,3-0-0,3.0,DE4
CE6211,Utilization of industrial Byproducts for geotechnical application,3-0-0,3.0,DE4
CE6228,Analytical Techniques for Infrastructure Systems Analysis,3-0-0,3.0,DE4
CE6112,Environmental Rock Engineering CE6113: Pavement Geotechnics,3-0-0,3.0,DE2
CE6125,Bituminous materials,3-0-0,3.0,DE2
CE6212, Rock Engineering for River Valley Projects,3-0-0,3.0,DE3
CE6214,Special Topics in Geotechnical Engineering,3-0-0,3.0,DE4
CE6231,Advanced Pavement Material Characterization,3-0-0,3.0,DE4
CE6229,Advanced Flexible Pavement Analysis and Design,3-0-0,3.0,DE4
CE6230,Advanced Concrete Pavement Analysis and Design,3-0-0,3.0,DE4
CE6110,Biogeotechnics,3-0-0,3.0,DE1
CE6126,Intelligent Transportation Systems,3-0-0,3.0,DE1
CE6127,Pavement Management Systems,3-0-0,3.0,DE1
CE6227,Traffic Flow Theory,3-0-0,3.0,DE3
CE6124,Advanced Structural Dynamics,3-0-0,3.0,DE2
CE5103,Solid and Hazardous Waste Management,3-0-0,3.0,DE1/DE2/DE3
CE6216,Special Topics in Rock Engineering for Infrastructural Development,3-0-0,3.0,DE4/DE5/DE6
CE6133,Data Science for Engineers,3-0-0,3.0,IDE
CS6121,Advanced Blockchain Technology,3-0-0,3.0,DE1
CS6122,Advanced Cyber Security,3-0-0,3.0,DE1
CS6123,Advanced Pattern Recognition,3-0-0,3.0,DE1
CS6124,Formal Methods in Program Analysis and Verification,3-0-0,3.0,DE1
CS6130,Federated Learning,3-0-0,3.0,DE1
CS6127,Advanced Cloud Computing,3-0-0,3.0,DE2
CS6128,Advanced Edge Computing,3-0-0,3.0,DE2
CS6129,Advanced Computational Data Analysis,3-0-0,3.0,DE2
CS6131,Reinforcement Learning,3-0-0,3.0,DE2
CS6132,Advanced Graph Machine Learning,3-0-0,3.0,DE2
CS6133,Advanced Time Series Analysis,3-0-0,3.0,DE2
CS6221,Artificial Internet of Things,3-0-0,3.0,DE3
CS6222,Game Theory,3-0-0,3.0,DE3
CS6224,Text Mining & Analytics,3-0-0,3.0,DE3
CS6225,Knowledge Distillation,3-0-0,3.0,DE4
CS6227,Physics of Neural Network,3-0-0,3.0,DE4
CS6228,Selected Topics in Wireless Networks,3-0-0,3.0,DE4
CS6229,Advanced Big Data Analytics,3-0-0,3.0,DE4
CS6223,Quantum Machine Learning,3-0-0,3.0,DE5
CS6230,Meta Learning,3-0-0,3.0,DE5
CS6233,Selective Topics in Generative AI,3-0-0,3.0,DE5
CS6109,Drone Data Processing & Analysis,3-0-0,3.0,IDE1
CS6125,Cyber Physical Systems,3-0-0,3.0,DE1
CS6226,Quantum Cyber Security,3-0-0,3.0,DE4
CS6231,Selected Topics in Cryptography,3-0-0,3.0,DE4
CS6232,High Performance Computing,3-0-0,3.0,DE4
EC6116,RF and Microwave Active Circuits,3-0-0,3.0,DE1
EC5113,Internet of Things (IoT) Networks,3-0-0,3.0,DE1
EC5114,Advance Antenna and Microwave Devices,3-0-0,3.0,DE1
EC6154,Radio Frequency Integrated Circuits,3-0-0,3.0,DE1
EC6114,Advanced Digital Image Processing,3-0-0,3.0,DE1
EC5111,Computer Vision,3-0-0,3.0,DE2
EC5159,Radio Frequency Design and Technology,3-0-0,3.0,DE2
EC5104,VLSI Architectural Design and Implementation,3-0-0,3.0,DE2
EC6157,Bio Sensors and Circuits,3-0-0,3.0,DE2
EE6190,Quantum Computing,3-0-0,3.0,DE2
EC5250,VLSI Signal Processing,3-0-0,3.0,DE2
EC5204,Renewable Energy Sources,3-0-0,3.0,IDE
EC6208,Patterns Recognition and Machine Learning,3-0-0,3.0,DE3
EC6210,Multimedia Communication ,3-0-0,3.0,DE3
EC5205,RF and Microwave Measurement Techniques,3-0-0,3.0,DE3
EC6209,Optical Communication ,3-0-0,3.0,DE3
EE6215,Quantum Computing,3-0-0,3.0,DE4
EC6211,Adaptive filtering: From theory to practice,3-0-0,3.0,DE4
EC6213,Random Signals and Systems,3-0-0,3.0,DE4
EC5203,Antenna Design and Characterization,3-0-0,3.0,DE4
EC5206,Statistical Signal Processing,3-0-0,3.0,DE4
EC6212,Communication Networks,3-0-0,3.0,DE5
EC5216,Advanced Signal Biomedical Processing,3-0-0,3.0,DE5
EC6207,Optimization Theory  and  Techniques  for Electrical Engineering,3-0-0,3.0,DE5
EC6271,Silicon Photonics,3-0-0,3.0,DE5
EE6111,Renewable Energy Sources,3-0-0,3.0,IDE
EE6114,Renewable Energy Integration,3-0-0,3.0,DE1
EE6117,Advanced Power System Reliability,3-0-0,3.0,DE1
EC6150,Advanced State Estimation and Target Tracking,3-0-0,3.0,DE1
EE5113,Multivariable Control System,3-0-0,3.0,DE1
EE6113,CMOS Phase Locked Loops,3-0-0,3.0,DE1
EE6115,Power System Deregulation,3-0-0,3.0,DE2
EE6116,Advanced Power System Protection,3-0-0,3.0,DE2
EE5213,Advanced Digital Control System,3-0-0,3.0,DE2
EE6212,VLSI Architectural Design and Implementation,3-0-0,3.0,DE2
EE6217,Recent Trends in Optimization Techniques,3-0-0,3.0,DE3
EC6270,Model Predictive Control,3-0-0,3.0,DE3
EE6218,HVDC Transmission Systems,3-0-0,3.0,DE3
EE6213,Advance FPGA Platform and System,3-0-0,3.0,DE3
EE6216,Advance Electric Drives,3-0-0,3.0,DE4
EE6211,Random Signals and Systems,3-0-0,3.0,DE4
EE6214,Quantitative Feedback Theory,3-0-0,3.0,DE4
EE5212,Control Techniques in Power Electronics,3-0-0,3.0,DE5
EE 6219,Telemetry and SCADA,3-0-0,3.0,DE5
EC5158,Radio Frequency Integrated Circuits ,3-0-0,3.0,DE1
EE5111,Quantum Computing,3-0-0,3.0,DE2
EC5166,VLSI Architecture Design and Implementation ,3-0-0,3.0,DE2
EC6151,Control Techniques in Power Electronics ,3-0-0,3.0,DE2
EC5211,Patterns Recognition and Machine Learning ,3-0-0,3.0,DE3
EC5264,Multimedia Communication,3-0-0,3.0,DE3
EC6254,VLSI Technology,3-0-0,3.0,DE3
EC5254,Advance FPGA Platform and System ,3-0-0,3.0,DE3
EC5256,Recent Trends in Optimization Techniques ,3-0-0,3.0,DE4
EC6252,CAD VLSI,3-0-0,3.0,DE4
EC6257,Random Signals and Systems ,3-0-0,3.0,DE4
EC5260,Network on Chip ,3-0-0,3.0,DE4
EC5271,Silicon Photonics ,3-0-0,3.0,DE5
EC6256,Embedded System Integration,3-0-0,3.0,DE5
EC6258,High Power Semiconductor Devices,3-0-0,3.0,DE5
MA6113,Cryptography and Network Security,3-0-0,3.0,DE1
MA6114,Graph Theory,3-0-0,3.0,DE1
MA5115,Introduction to algebraic D-modules,3-0-0,3.0,DE1
MA6116,Nonlinear Optimization,3-0-0,3.0,DE1
MA5117,Fundamentals of Block Chain,3-0-0,3.0,DE2
MA6118,Generative AI,2-0-0,3.0,DE2
MA6119,Mathematical Finance,3-0-0,3.0,DE2
MA6120,Rings and Modules,3-0-0,3.0,DE2
MA6121,Large Language Models (LLMs),2-0-0,3.0,DE3
MA6191,Number Theory,3-0-0,3.0,DE3
MA6229,Stochastic Calculus for Finance,3-0-0,3.0,DE3
MA6212,Mathematical Modeling,3-0-0,3.0,IDE
MA6213,Advanced Algorithms,3-0-0,3.0,DE4
MA5214,Introduction to Biomathematics,3-0-0,3.0,DE4
MA6215,Introduction to Homological Algebra,3-0-0,3.0,DE4
MA6216,Portfolio Theory and Risk Management,3-0-0,3.0,DE4
MA6217,Noncommutative Algebra,3-0-0,3.0,DE4
MA6218,Sobolev Spaces,3-0-0,3.0,DE4
MA6219,Wavelet Transform,3-0-0,3.0,DE4
MA6220,Differential Manifolds,3-0-0,3.0,DE5
MA6221,Graph Algorithms,3-0-0,3.0,DE5
MA6230,Numerical solutions of PDEs,2-0-0,3.0,DE5
MA6222,Statistical Inference,3-0-0,3.0,DE5
MA6223,Database and Data Mining,2-0-0,3.0,DE5
MA5224,Advanced Complex Analysis,3-0-0,3.0,DE6
MA6225,Algebraic Coding Theory,3-0-0,3.0,DE6
MA6226,Discrete Mathematics,3-0-0,3.0,DE6
MA6227,Finite Element Analysis,3-0-0,3.0,DE6
MA6228,Introduction to Algebraic Geometry,3-0-0,3.0,DE6
ME6102,Computational Fluid Dynamics,3-0-0,3.0,DE1
ME6106,Mobile Robotics,3-0-0,3.0,DE1
ME6107,Digital Manufacturing and Industry 4.0,3-0-0,3.0,DE1
ME6108,Wear & Lubrication of Machine Components,3-0-0,3.0,DE1
ME6103,Continuum Mechanics,3-0-0,3.0,DE1
ME6110,Biomechanics,3-0-0,3.0,DE1
ME6111,Advanced Manufacturing Processes,3-0-0,3.0,DE1
ME6112,Advanced Mechanical Characterisation of Alloys,3-0-0,3.0,DE1
ME6203,Laser Processing of Materials,3-0-0,3.0,DE2
ME6208,Robot Motion Planning,3-0-0,3.0,DE2
ME6214,Additive Manufacturing of Metals: Theory and Practice,3-0-0,3.0,DE2
ME6215,Computer Numerical Controlled Machine Tools,3-0-0,3.0,DE2
ME6210,Robotics: Advanced Concepts & Analysis,3-0-0,3.0,DE2
ME6211,Analysis of Welding Processes,3-0-0,3.0,DE2
ME6212,Fracture and Fatigue,3-0-0,3.0,DE2
ME6109,Digital Manufacturing and Industry 4.0,3-0-0,3.0,DE1
ME6207,Biomechanics,3-0-0,3.0,DE2
ME6209,Rotor Dynamics,3-0-0,3.0,DE3
ME6206,Non-linear Systems Dynamics,3-0-0,3.0,DE3
ME6122,Patterns Recognition and Machine Learning,3-0-0,3.0,DE5
ME6104,Computational Fluid Dynamics,3-0-0,3.0,DE1
ME6201,Continuum Mechanics,3-0-0,3.0,DE2
ME6202,Refrigeration and Air-Conditioning,3-0-0,3.0,DE2
ME6204,Cryogenics,3-0-0,3.0,DE3
ME6205,Laser Processing of Materials,3-0-0,3.0,DE3
MM6113,"Processing Technology of Metal, Ceramic and Composites",3-0-0,3.0,DE1
MM6114,Surface Engineering,3-0-0,3.0,DE1
MM6231,"Nanomaterials: Structure, Property and Applications",3-0-0,3.0,DE1
MM6234,Field-assisted Sintering Techniques,3-0-0,3.0,DE1
MM6236,Defects and Diffusion in Materials,3-0-0,3.0,DE2
MM6232,Polymer Matrix Composite,3-0-0,3.0,DE2
MM6235,Functional Ceramics,3-0-0,3.0,DE2
MM6237,Materials Characterization Techniques,3-0-0,3.0,DE3
MM6238,Selection of Alloys and Heat Treatment,3-0-0,3.0,DE3
MM6233,Thin Films - An Engineering Approach,3-0-0,3.0,DE3
MM6239,Joining of Materials,3-0-0,3.0,DE3
MM6240,Crystal Symmetry and Tensor properties,3-0-0,3.0,DE4
MM6151,Coating Technology,3-0-0,3.0,DE4
MM6152,Fabrication of Solid-state Devices,3-0-0,3.0,DE4
MM6153,Structural characterization of materials,3-0-0,3.0,IDE
MA6211,Number Theory,3-0-0,3.0,DE1
MA5229,Operators on Hilbert Spaces,3-0-0,3.0,DE4
MA6291,Mathematical methods in classical mechanics,3-0-0,3.0,DE4
PH4233,Quantum Mechanics-II,"""2-1-0""",3.0,DE1
PH4234,Thin Film Technology,"""2-1-0""",3.0,DE1
PH5130,Introduction to Medical Physics,"""2-1-0""",3.0,DE1
PH5230,Introduction to Medical Physics,"""2-1-0""",3.0,DE1
PH5131,Introduction to Data Science for Physicists,"""2-1-0""",3.0,DE1
PH5231,Introduction to Data Science for Physicists,"""2-1-0""",3.0,DE1
PH5132,Electrodynamics-II,"""3-0-0""",3.0,DE2/DE3/DE4
PH5232,Electrodynamics-II,"""3-0-0""",3.0,DE2/DE3/DE4
PH5133,General Relativity and Cosmology,"""2-1-0""",3.0,DE2/DE3/DE4
PH5233,General Relativity and Cosmology,"""2-1-0""",3.0,DE2/DE3/DE4
PH5134,Solar Energy and Photovoltaics,"""2-1-0""",3.0,DE2/DE3/DE4
PH5234,Solar Energy and Photovoltaics,"""2-1-0""",3.0,DE2/DE3/DE4
PH5135,Nanophotonics,"""2-1-0""",3.0,DE2/DE3/DE4
PH5235,Nanophotonics,"""2-1-0""",3.0,DE2/DE3/DE4
PH5136,Nanoelectronics,"""2-1-0""",3.0,DE2/DE3/DE4
PH5236,Nanoelectronics,"""2-1-0""",3.0,DE2/DE3/DE4
PH5137,Nanoionics: Concepts and Technological Applications,"""2-1-0""",3.0,DE2/DE3/DE4
PH5237,Nanoionics: Concepts and Technological Applications,"""2-1-0""",3.0,DE2/DE3/DE4
PH5138,Magnetism at Nanoscale,"""2-1-0""",3.0,DE2/DE3/DE4
PH5238,Magnetism at Nanoscale,"""2-1-0""",3.0,DE2/DE3/DE4
PH5139,Ferroic Phenomena,"""2-1-0""",3.0,DE2/DE3/DE4
PH5239,Ferroic Phenomena,"""2-1-0""",3.0,DE2/DE3/DE4
PH5140,Measurement Techniques,"""2-0-2""",3.0,DE2/DE3/DE4
PH5240,Measurement Techniques,"""2-0-2""",3.0,DE2/DE3/DE4
PH5141,Computational Physics,"""2-0-2""",3.0,DE2/DE3/DE4
PH5241,Computational Physics,"""2-0-2""",3.0,DE2/DE3/DE4
PH5142,Nanoscience,"""2-1-0""",3.0,DE2/DE3/DE4
PH5242,Nanoscience,"""2-1-0""",3.0,DE2/DE3/DE4
PH5143,Quantum Optics & Quantum Information,"""2-1-0""",3.0,DE2/DE3/DE4
PH5243,Quantum Optics & Quantum Information,"""2-1-0""",3.0,DE2/DE3/DE4
PH5144,Physics of Ultracold Atoms,"""2-1-0""",3.0,DE2/DE3/DE4
PH5244,Physics of Ultracold Atoms,"""2-1-0""",3.0,DE2/DE3/DE4
PH5145,Biophotonics,"""2-1-0""",3.0,DE2/DE3/DE4
PH5245,Biophotonics,"""2-1-0""",3.0,DE2/DE3/DE4
PH5146,Magnetic Materials and Applications,"""2-1-0""",3.0,DE2/DE3/DE4
PH5246,Magnetic Materials and Applications,"""2-1-0""",3.0,DE2/DE3/DE4
PH5147,Materials for Engineering Applications,"""2-1-0""",3.0,DE2/DE3/DE4
PH5247,Materials for Engineering Applications,"""2-1-0""",3.0,DE2/DE3/DE4
PH5148,Quantum Theory of Collisions,"""2-1-0""",3.0,DE2/DE3/DE4
PH5248,Quantum Theory of Collisions,"""2-1-0""",3.0,DE2/DE3/DE4
PH5149,Fourier Optics and Holography,"""2-1-0""",3.0,DE2/DE3/DE4
PH5249,Fourier Optics and Holography,"""2-1-0""",3.0,DE2/DE3/DE4
PH5150,Introductory Biophysics,"""2-1-0""",3.0,DE2/DE3/DE4
PH5250,Introductory Biophysics,"""2-1-0""",3.0,DE2/DE3/DE4
PH5151,Quantum Field Theory,"""2-1-0""",3.0,DE2/DE3/DE4
PH5251,Quantum Field Theory,"""2-1-0""",3.0,DE2/DE3/DE4
PH5152,Particle Physics,"""2-1-0""",3.0,DE2/DE3/DE4
PH5252,Particle Physics,"""2-1-0""",3.0,DE2/DE3/DE4
PH5153,Scanning Probe Microscopy,"""2-1-0""",3.0,DE2/DE3/DE4
PH5253,Scanning Probe Microscopy,"""2-1-0""",3.0,DE2/DE3/DE4
PH5154,Soft Matter Physics,"""2-1-0""",3.0,DE2/DE3/DE4
PH5254,Soft Matter Physics,"""2-1-0""",3.0,DE2/DE3/DE4
PH5155,Ultrafast Optics and Spectroscopy,"""2-1-0""",3.0,DE2/DE3/DE4
PH5255,Ultrafast Optics and Spectroscopy,"""2-1-0""",3.0,DE2/DE3/DE4
PH5156,Spintronics,"""2-1-0""",3.0,DE2/DE3/DE4
PH5256,Spintronics,"""2-1-0""",3.0,DE2/DE3/DE4
PH5157,Quantum Materials,"""2-1-0""",3.0,DE2/DE3/DE4
PH5257,Quantum Materials,"""2-1-0""",3.0,DE2/DE3/DE4
PH5158,Magnetism: Fundamentals to Application,"""2-1-0""",3.0,DE2/DE3/DE4
PH5258,Magnetism: Fundamentals to Application,"""2-1-0""",3.0,DE2/DE3/DE4
PH5159,Quantum Transport in Mesoscopic Systems,"""2-1-0""",3.0,DE2/DE3/DE4
PH5259,Quantum Transport in Mesoscopic Systems,"""2-1-0""",3.0,DE2/DE3/DE4
PH5160,Experimental Techniques at Low Temperatures,"""2-0-2""",3.0,DE2/DE3/DE4
PH5260,Experimental Techniques at Low Temperatures,"""2-0-2""",3.0,DE2/DE3/DE4
PH5161,Condensed Matter Physics-II,"""3-0-0""",3.0,DE2/DE3/DE4
PH5261,Condensed Matter Physics-II,"""3-0-0""",3.0,DE2/DE3/DE4
EE6219,Optimal Control,3-0-0,3.0,MTE1
EE5112,Energy Storage Systems,3-0-0,3.0,MTE4
EE6112,V2G and G2V Technology,3-0-0,3.0,MTE4
EC6155,Emerging Technologies for Beyond 5G,3-0-0,3.0,MTE4
EC5108,Microwave and Millimetre Wave Integrated Circuits (MMIC),3-0-0,3.0,MTE1
EC5109,Generative AI for Video Surveillance System,3-0-0,3.0,MTE1
EC5266,Embedded System Integration,3-0-0,3.0,MTE1
EC5112,VLSI Testing and Verification,3-0-0,3.0,MTE4
ME6105,Robot Motion Planning,3-0-0,3.0,MTE1
HS4165,Game Theory,3-1-0,4.0,SE1
HS4167,Energy Economics,3-1-0,4.0,SE1
HS4169,Labour Economics,3-1-0,4.0,SE1
HS4261,Business Law and Economics,3-1-0,4.0,SE1
HS4263,Advanced Macroeconomics,3-1-0,4.0,SE1
HS4264,Institutional Economics,3-1-0,4.0,SE1
HS4265,Public Finance and Policy,3-1-0,4.0,SE1
HS4269,Agrarian Economics,3-1-0,4.0,SE1
HS4101,Political Economy and Development,3-1-0,4.0,SE1
HS4103,Mechanism Design,3-1-0,4.0,SE1
HS4105,Financial Analytics,3-1-0,4.0,SE2
HS4107,Behavioural Economics and Finance,3-1-0,4.0,SE2
HS4209,Programming/ Coding,3-1-0,4.0,SE2
HS4211,Corporate Finance,3-1-0,4.0,SE2
HS4173,Wealth Management,3-1-0,4.0,SE2
HS4175,Programming/ Coding,3-1-0,4.0,SE3
HS4179,HR Analytics,3-1-0,4.0,SE3
HS4272,Financial Analytics,3-1-0,4.0,SE3
HS4274,Big Data Analytics,3-1-0,4.0,SE3
HS4276,Artificial Intelligence,3-1-0,4.0,SE3
HS4278,Statistical Decision Theory,3-1-0,4.0,SE3
