2401CE,4,CE2290,IDE1,0,,,130,,
2401CE,5,CE3190,IDE2,0,,,130,,
2401CE,7,CE4190,IDE3,0,,,130,,
2401CE,7,CE4191,IDE3,0,,,130,,
2401CE,7,CE4101,DE1,0,,,130,,
2401CE,7,CE4102,DE1,0,,,130,,
2401CE,7,CE4103,DE1,0,,,130,,
2401CE,7,CE4104,DE1,0,,,130,,
2401CE,7,CE4105,DE2,0,,,130,,
2401CE,7,CE4106,DE2,0,,,130,,
2401CE,7,CE4107,DE2,0,,,130,,
2401CE,7,CE4108,DE2,0,,,130,,
2401CE,7,CE4109,DE2,0,,,130,,
2401CE,7,CE4110,DE2,0,,,130,,
2401CE,8,CE4201,DE3,0,,,130,,
2401CE,8,CE4202,DE3,0,,,130,,
2401CE,8,CE4203,DE3,0,,,130,,
2401CE,8,CE4204,DE3,0,,,130,,
2401CE,8,CE4205,DE3,0,,,130,,
2401CE,8,CE4206,DE3,0,,,130,,
2401CE,8,CE4207,DE3,0,,,130,,
2401CE,8,CE4208,DE4,0,,,130,,
2401CE,8,CE4209,DE4,0,,,130,,
2401CE,8,CE4210,DE5,0,,,130,,
2401CE,8,CE4211,DE5,0,,,130,,
2401CE,8,CE4212,DE5,0,,,130,,
2401CE,8,CE4213,DE5,0,,,130,,
2401CT,6,CH3206,DE1,0,,,130,,
2401CT,6,CH3207,DE1,0,,,130,,
2401CT,7,CH4107,DE2,0,,,130,,
2401CT,7,CH4108,DE2,0,,,130,,
2401CT,7,CH4109,DE3,0,,,130,,
2401CT,7,CH4110,DE3,0,,,130,,
2401CT,8,CH4207,DE4,0,,,130,,
2401CT,8,CH4208,DE4,0,,,130,,
2401CT,8,CH4209,DE5,0,,,130,,
2401CT,8,CH4210,DE5,0,,,130,,
2401CT,8,CH4211,DE6,0,,,130,,
2401CT,8,CH4212,DE6,0,,,130,,
2401AI,4,CS2209,IDE1,0,,,130,,
2401AI,5,CS3109,IDE2,0,,,130,,
2401AI,7,CS4109,IDE3,0,,,130,,
2401AI,6,CS3221,DE1,0,,,130,,
2401AI,6,CS3222,DE1,0,,,130,,
2401AI,6,CS3223,DE1,0,,,130,,
2401AI,6,CS3224,DE1,0,,,130,,
2401AI,6,CS3225,DE1,0,,,130,,
2401AI,6,CS3226,DE1,0,,,130,,
2401AI,7,CS4121,DE2,0,,,130,,
2401AI,7,CS4122,DE2,0,,,130,,
2401AI,7,CS4123,DE2,0,,,130,,
2401AI,7,CS4124,DE2,0,,,130,,
2401AI,7,CS4126,DE2,0,,,130,,
2401AI,7,CS4127,DE3,0,,,130,,
2401AI,7,CS4128,DE3,0,,,130,,
2401AI,7,CS4129,DE3,0,,,130,,
2401AI,7,CS4131,DE3,0,,,130,,
2401AI,7,CS4132,DE3,0,,,130,,
2401AI,7,CS4133,DE3,0,,,130,,
2401AI,8,CS4221,DE4,0,,,130,,
2401AI,8,CS4222,DE4,0,,,130,,
2401AI,8,CS4223,DE4,0,,,130,,
2401AI,8,CS4224,DE4,0,,,130,,
2401AI,8,CS4226,DE5,0,,,130,,
2401AI,8,CS4227,DE5,0,,,130,,
2401AI,8,CS4228,DE5,0,,,130,,
2401AI,8,CS4229,DE5,0,,,130,,
2401AI,8,CS4230,DE5,0,,,130,,
2401AI,8,CS4233,DE6,0,,,130,,
2401AI,8,CS4234,DE6,0,,,130,,
2401AI,8,CS4235,DE6,0,,,130,,
2401AI,8,CS4236,DE6,0,,,130,,
2401CS,6,CS3221,DE1,0,,,130,,
2401CS,6,CS3222,DE1,0,,,130,,
2401CS,6,CS3223,DE1,0,,,130,,
2401CS,6,CS3224,DE1,0,,,130,,
2401CS,6,CS3225,DE1,0,,,130,,
2401CS,6,CS3226,DE1,0,,,130,,
2401CS,7,CS4121,DE2,0,,,130,,
2401CS,7,CS4122,DE2,0,,,130,,
2401CS,7,CS4123,DE2,0,,,130,,
2401CS,7,CS4124,DE2,0,,,130,,
2401CS,7,CS4125,DE2,0,,,130,,
2401CS,7,CS4127,DE3,0,,,130,,
2401CS,7,CS4128,DE3,0,,,130,,
2401CS,7,CS4129,DE3,0,,,130,,
2401CS,7,CS4130,DE3,0,,,130,,
2401CS,7,CS4131,DE3,0,,,130,,
2401CS,7,CS4132,DE3,0,,,130,,
2401CS,8,CS4221,DE4,0,,,130,,
2401CS,8,CS4222,DE4,0,,,130,,
2401CS,8,CS4223,DE4,0,,,130,,
2401CS,8,CS4224,DE4,0,,,130,,
2401CS,8,CS4225,DE4,0,,,130,,
2401CS,8,CS4226,DE5,0,,,130,,
2401CS,8,CS4227,DE5,0,,,130,,
2401CS,8,CS4228,DE5,0,,,130,,
2401CS,8,CS4229,DE5,0,,,130,,
2401CS,8,CS4230,DE5,0,,,130,,
2401CS,8,CS4231,DE5,0,,,130,,
2401CS,8,CS4232,DE5,0,,,130,,
2401CS,8,CS4233,DE6,0,,,130,,
2401CS,8,CS4234,DE6,0,,,130,,
2401CS,8,CS4235,DE6,0,,,130,,
2401CS,8,CS4236,DE6,0,,,130,,
2401CS,4,CS2209,IDE1,0,,,130,,
2401CS,5,CS3109,IDE2,0,,,130,,
2401CS,7,CS4109,IDE3,0,,,130,,
2401EC,7,EC4101,DE1,0,,,130,,
2401EC,7,EC4102,DE1,0,,,130,,
2401EC,7,EC4103,DE1,0,,,130,,
2401EC,7,EC4104,DE2,0,,,130,,
2401EC,7,EC4105,DE2,0,,,130,,
2401EC,7,EC4106,DE2,0,,,130,,
2401EC,8,EC4201,DE3,0,,,130,,
2401EC,8,EC4202,DE3,0,,,130,,
2401EC,8,EE4203,DE3,0,,,130,,
2401EC,8,EC4203,DE4,0,,,130,,
2401EC,8,EC4204,DE4,0,,,130,,
2401EC,8,EE4206,DE4,0,,,130,,
2401EC,8,EC4205,DE5,0,,,130,,
2401EC,8,EC4206,DE5,0,,,130,,
2401EC,8,EC4207,DE5,0,,,130,,
2401EE,7,EE4101,DE1,0,,,130,,
2401EE,7,EC4102,DE1,0,,,130,,
2401EE,7,EC4103,DE1,0,,,130,,
2401EE,7,EC4101,DE2,0,,,130,,
2401EE,7,EC4105,DE2,0,,,130,,
2401EE,7,EE4102,DE2,0,,,130,,
2401EE,8,EE4201,DE3,0,,,130,,
2401EE,8,EE4202,DE3,0,,,130,,
2401EE,8,EE4203,DE3,0,,,130,,
2401EE,8,EE4204,DE4,0,,,130,,
2401EE,8,EE4205,DE4,0,,,130,,
2401EE,8,EE4206,DE4,0,,,130,,
2401EE,8,EC4205,DE5,0,,,130,,
2401EE,8,EC4206,DE5,0,,,130,,
2401EE,8,EC4207,DE5,0,,,130,,
2401MC,7,MA4111,DE1,0,,,130,,
2401MC,7,MA4112,DE1,0,,,130,,
2401MC,7,MA4113,DE1,0,,,130,,
2401MC,7,MA4114,DE2,0,,,130,,
2401MC,7,MA4115,DE2,0,,,130,,
2401MC,7,MA4116,DE2,0,,,130,,
2401MC,8,MA4211,DE3,0,,,130,,
2401MC,8,MA4212,DE3,0,,,130,,
2401MC,8,MA4213,DE3,0,,,130,,
2401MC,8,MA4214,DE3,0,,,130,,
2401MC,8,MA4215,DE3,0,,,130,,
2401MC,8,MA4215,DE4,0,,,130,,
2401MC,8,MA4216,DE4,0,,,130,,
2401MC,8,MA4217,DE4,0,,,130,,
2401MC,8,MA4218,DE4,0,,,130,,
2401MC,8,MA4220,DE5,0,,,130,,
2401MC,8,MA4221,DE5,0,,,130,,
2401MC,8,MA4222,DE5,0,,,130,,
2401MC,4,MA2251,IDE1,0,,,130,,
2401MC,4,MA2252,IDE1,0,,,130,,
2401MC,5,MA3151,IDE2,0,,,130,,
2401MC,5,MA3152,IDE2,0,,,130,,
2401MC,7,MA4151,IDE3,0,,,130,,
2401MC,7,MA4152,IDE3,0,,,130,,
2401ME,7,ME4101,DE1,0,,,130,,
2401ME,7,ME4102,DE1,0,,,130,,
2401ME,7,ME4104,DE1,0,,,130,,
2401ME,7,ME4105,DE2,0,,,130,,
2401ME,7,ME4106,DE2,0,,,130,,
2401ME,7,ME4107,DE2,0,,,130,,
2401ME,8,ME4201,DE3,0,,,130,,
2401ME,8,ME4202,DE3,0,,,130,,
2401ME,8,ME4203,DE3,0,,,130,,
2401ME,8,ME4204,DE4,0,,,130,,
2401ME,8,ME4205,DE4,0,,,130,,
2401ME,8,ME4206,DE4,0,,,130,,
2401ME,8,ME4207,DE5,0,,,130,,
2401ME,8,ME4208,DE5,0,,,130,,
2401ME,8,ME4209,DE5,0,,,130,,
2401ME,4,ME2205,IDE1,0,,,130,,
2401ME,5,ME3106,IDE2,0,,,130,,
2401ME,7,ME4103,IDE3,0,,,130,,